<beans:beans xmlns="http://www.springframework.org/schema/security"  
    xmlns:beans="http://www.springframework.org/schema/beans"  
    xmlns:xsi="http://www.w3.org/2001/XMLSchema-instance"  
    xsi:schemaLocation="http://www.springframework.org/schema/beans  
    http://www.springframework.org/schema/beans/spring-beans.xsd  
    http://www.springframework.org/schema/security  
    http://www.springframework.org/schema/security/spring-security.xsd"> 
    
    
    
   <!--  <http auto-config="true">  
        <intercept-url pattern="/admin" access="hasRole('ROLE_ADMIN')" />
        <http-basic/>
    </http> -->
    
   <!--   <http>  
        <intercept-url pattern="/admin" access="hasRole('ROLE_USER')" />
        <http-basic/>
    </http> -->
    
      <http>  
        <intercept-url pattern="/admin" access="hasRole('ROLE_USER')" />
       <form-login/>
      <!--  <logout success-handler-ref="/index" /> -->
    </http>
    
    <!-- Below code using password as a password Encoder hash sha-256 -->
    <!-- <authentication-manager>  
      <authentication-provider>  
      <password-encoder hash="sha-256" />
        <user-service>  
        <user name="Ramesh" password="03AC674216F3E15C761EE1A5E255F067953623C8B388B4459E13F978D7C846F4" authorities="ROLE_ADMIN,ROLE_USER" />
        <user name="Puja" password="03AC674216F3E15C761EE1A5E255F067953623C8B388B4459E13F978D7C846F4" authorities="ROLE_ADMIN,ROLE_USER" />  
        </user-service> 
      </authentication-provider>  
    </authentication-manager> -->
    
  <!-- Below code using password as a Plain text -->
    <authentication-manager>  
      <authentication-provider>  
        <user-service>  
        <user name="Ramesh" password="{noop}1234" authorities="ROLE_ADMIN,ROLE_USER" />
        <user name="Puja" password="{noop}1234" authorities="ROLE_ADMIN,ROLE_USER" />  
        </user-service> 
      </authentication-provider>  
    </authentication-manager>
    
  
</beans:beans> 