<?xml version="1.0" encoding="UTF-8"?>
<assembly
    xmlns="http://maven.apache.org/plugins/maven-assembly-plugin/assembly/1.1.3"
    xmlns:xsi="http://www.w3.org/2001/XMLSchema-instance"
    xsi:schemaLocation="http://maven.apache.org/plugins/maven-assembly-plugin/assembly/1.1.3 http://maven.apache.org/xsd/assembly-1.1.3.xsd">
    <id>zip</id>
    <formats>
        <format>zip</format>
    </formats>
    <includeBaseDirectory>false</includeBaseDirectory>
    
    <!-- <dependencySets>
        <dependencySet>
            <includes>
                <include>${project.groupId}:${project.artifactId}:war:${project.version}</include>
            </includes>
            <unpack>false</unpack>
        </dependencySet>
    </dependencySets> -->
    
    <fileSets>
    <fileSet>
      <directory>${project.build.outputDirectory}/../../externalLib</directory>
      <outputDirectory>/externalLib</outputDirectory>
    </fileSet>
    
    <fileSet>
      <directory>${project.build.outputDirectory}/../../SupportingFiles</directory>
      <outputDirectory>/SupportingFiles</outputDirectory>
    </fileSet>
    
    <fileSet>
      <directory>${project.build.outputDirectory}/../../GenericWebserviceClient</directory>
      <outputDirectory>/GenericWebserviceClient</outputDirectory>
    </fileSet>
    
    <fileSet>
      <directory>${project.build.outputDirectory}/../../target</directory>
      <outputDirectory>/</outputDirectory>
            <includes>
                <include>*.war</include>
            </includes>
    </fileSet>
  </fileSets>
</assembly>