<?xml version="1.0" encoding="UTF-8"?>
<!DOCTYPE hibernate-configuration PUBLIC
        "-//Hibernate/Hibernate Configuration DTD 3.0//EN"
        "http://hibernate.org/dtd/hibernate-configuration-3.0.dtd">
<hibernate-configuration>
	<session-factory>
		<property name="hibernate.connection.driver_class">org.h2.Driver</property>
		<property name="hibernate.connection.url">jdbc:h2:C:/Users/ramesh.yadav/Desktop/EWS/DB/HDB;AUTO_SERVER=TRUE</property>
		<property name="hibernate.connection.username">root</property>
		<property name="hibernate.connection.password">root</property>

		<property name="hibernate.connection.pool_size">2</property>
		<property name="hibernate.current_session_context_class">thread</property>
		<property name="hibernate.show_sql">true</property>
		<property name="hibernate.dialect">org.hibernate.dialect.H2Dialect</property>
		
		<property name="hibernate.cache.use_second_level_cache">true</property>
		<property name="hibernate.cache.use_query_cache">false</property>
		<property name="hibernate.cache.region.factory_class">org.hibernate.cache.ehcache.EhCacheRegionFactory</property>
		
		<property name="hbm2ddl.auto">update</property>
		
		<!-- <mapping resource="book.hbm.xml" /> -->
		<mapping class="HibernateDemo.HibernateDemo.StudentDetails" />
		<mapping class="HibernateDemo.HibernateDemo.LaptopDetails" />
		<mapping class="HibernateDemo.HibernateDemo.EmployeeDetails" />
	</session-factory>
</hibernate-configuration>