<?xml version="1.0" encoding="UTF-8"?>
<configuration>

	<!-- <property name="USER_HOME" value="E:/Testlogs" /> -->

	<appender name="FILE-THREAD"
		class="ch.qos.logback.classic.sift.SiftingAppender">

		<!-- This is MDC value -->
		<!-- We will assign a value to 'logFileName' via Java code -->

		<discriminator>
			<key>USER_HOME</key>
			<defaultValue>defaultLoc</defaultValue>
		</discriminator>

		<sift>

			<!-- A standard RollingFileAppender, the log file is based on 'logFileName' 
				at runtime -->
			<appender name="LOGFILE"
				class="ch.qos.logback.core.rolling.RollingFileAppender">
				<file>${USER_HOME}.log</file>
				<encoder
					class="ch.qos.logback.classic.encoder.PatternLayoutEncoder">
					<Pattern>
						%d{yyyy-MM-dd HH:mm:ss} %level %logger{100} - %msg%n
					</Pattern>
				</encoder>
				<rollingPolicy
					class="ch.qos.logback.core.rolling.SizeAndTimeBasedRollingPolicy">
					<!-- rollover daily -->
					<fileNamePattern>${USER_HOME}-%d{yyyy-MM-dd}.%i.txt
					</fileNamePattern>
					<!-- each file should be at most 100MB, keep 60 days worth of history, 
						but at most 2GB -->
					<maxFileSize>1MB</maxFileSize>
				</rollingPolicy>

			</appender>


<!-- 			<appender name="rollingFile"
				class="ch.qos.logback.core.rolling.RollingFileAppender">
				<file>${USER_HOME}.log</file>
				<rollingPolicy
					class="ch.qos.logback.core.rolling.TimeBasedRollingPolicy">
					<fileNamePattern>${USER_HOME}-%d{yyyy-MM-dd}.log</fileNamePattern>
					<maxHistory>30</maxHistory>
					<totalSizeCap>1GB</totalSizeCap>
				</rollingPolicy>
				<triggeringPolicy
					class="ch.qos.logback.core.rolling.SizeBasedTriggeringPolicy">
					<maxFileSize>2MB</maxFileSize>
				</triggeringPolicy>
				<encoder
					class="ch.qos.logback.classic.encoder.PatternLayoutEncoder">
					<Pattern>
						%d{yyyy-MM-dd HH:mm:ss} %level %logger{100} - %msg%n
					</Pattern>
				</encoder>
			</appender> -->

		</sift>
	</appender>

	<appender name="STDOUT"
		class="ch.qos.logback.core.ConsoleAppender">
		<layout class="ch.qos.logback.classic.PatternLayout">
			<Pattern>
				%-5level %logger{100} - %msg%n
			</Pattern>
		</layout>
	</appender>

	<root level="INFO">
		<appender-ref ref="FILE-THREAD" />
		<appender-ref ref="STDOUT" />
	</root>

</configuration>