<?xml version="1.0" encoding="UTF-8" standalone="no"?><rdf:RDF xmlns:dcterms="http://purl.org/dc/terms/"
    xmlns:oslc_cm="http://open-services.net/ns/cm#"
    xmlns:rdf="http://www.w3.org/1999/02/22-rdf-syntax-ns#"
    xmlns:rtc_ext="http://jazz.net/xmlns/prod/jazz/rtc/ext/1.0/"
    xmlns:oslc_cmx="http://open-services.net/ns/cm-x#"
    xmlns:process="http://jazz.net/ns/process#"
    xmlns:acp="http://jazz.net/ns/acp#"
    xmlns:rdfs="http://www.w3.org/2000/01/rdf-schema#"
    xmlns:acc="http://open-services.net/ns/core/acc#"
    xmlns:rtc_cm="http://jazz.net/xmlns/prod/jazz/rtc/cm/1.0/"
	
    xmlns:oslc="http://open-services.net/ns/core#"
    xmlns:oslc_pl="http://open-services.net/ns/pl#">
  <oslc_cm:ChangeRequest rdf:about="">
     <dcterms:type rdf:datatype="http://www.w3.org/2001/XMLSchema#string"></dcterms:type>
	 <dcterms:description rdf:parseType="Literal"></dcterms:description> 
	  <dcterms:title rdf:parseType="Literal"></dcterms:title>
	  <rtc_cm:estimate rdf:parseType="Literal"></rtc_cm:estimate>
	  <rtc_cm:timeSpent rdf:parseType="Literal"></rtc_cm:timeSpent>
	  <rtc_ext:com.acn.adt3.workitem.attribute.rootcause></rtc_ext:com.acn.adt3.workitem.attribute.rootcause>
	  <oslc_cmx:priority rdf:resource=""></oslc_cmx:priority>
	  <oslc_cmx:severity rdf:resource=""></oslc_cmx:severity>
	  <!-- <dcterms:status rdf:parseType="Literal"></dcterms:status> -->
	 <!-- <oslc_cm:affectsPlanItem rdf:resource=""></oslc_cm:affectsPlanItem> -->
	 <rtc_ext:com.ibm.team.apt.attribute.complexity rdf:resource=""/>
	 <dcterms:contributor rdf:resource=""/>
     <rtc_cm:plannedFor rdf:resource=""/>
	  <rtc_cm:filedAgainst rdf:resource=""/>
  </oslc_cm:ChangeRequest>
</rdf:RDF>