<?xml version="1.0" encoding="UTF-8"?>
<Details
	xmlns:gqe="http://www.accenture.com/adt/integ/myWizard/gqe-SharePoint"
	xmlns:xsi="http://www.w3.org/2001/XMLSchema-instance"
	xsi:schemaLocation="http://www.accenture.com/adt/integ/myWizard/gqe-SharePoint GenericArguments.xsd ">


	<Entity NativeId="com.ibm.team.workitem.Category" EntityId="39" Name="ADT_Cat" ContextValue="ccm">
	<Read>
	
	<Query id="1.1" type="OSLC" order ="intermediate" value="" xpath="" input="concat(&lt;timestamp&gt;,@timeStamp,&lt;/timestamp&gt;)" xslPath="" Headers="" HttpVerb="" payload="" outputType="XML" outputTo="1.1.1" nextpage="" xpathOutputType="">
	</Query>
	
	<Query id="1.1.1" type="OSLC" order ="intermediate" value="" xpath="replace(//timestamp,'.$','-0000')" input="outputOf(@Query1.1)" xslPath="" Headers="" HttpVerb="" payload="" outputType="Url" outputTo="1.2" nextpage="" xpathOutputType="String">
	</Query>
	
	<Query id="1.2" type="OSLC" order ="intermediate" value="" xpath="" input="concat(&lt;timestamp&gt;,@endtimeStamp,&lt;/timestamp&gt;)" xslPath="" Headers="" HttpVerb="" payload="" outputType="XML" outputTo="1.2.1" nextpage="" xpathOutputType="">
	</Query>
	
	<Query id="1.2.1" type="OSLC" order ="intermediate" value="" xpath="replace(//timestamp,'.$','-0000')" input="outputOf(@Query1.2)" xslPath="" Headers="" HttpVerb="" payload="" outputType="Url" outputTo="1" nextpage="" xpathOutputType="String">
	</Query>
	
	
	<Query id="1" type="OSLC" order ="first" value="" xpath="//category/itemId" input="concat(https://,@servername,/ccm/rpt/repository/workitem?fields=category/category[modified%3E%27,@Query1.1.1,%27+and+modified%3C%3D%27,@Query1.2.1,%27+and+contextId=%27,@rtccontextId,%27]/*)" xslPath="" Headers="3#@#1#@#6" HttpVerb="GET" payload="" outputType="List" outputTo="2" nextpage="" xpathOutputType="">
	<Workflow id="1" method="dbUpdate" class="com.acn.adt.releases.FlaggedItems" arguments="@projectId,'WAIT',@workItemTypeId,@Query1,@fetchTime,@projectUUID,@workItemType" returnType="List" /> 
	</Query>
	
		 <Query id="2" type="OSLC" order ="final" value="https://%s/ccm/oslc/categories/%s" xpath="" xpathinput="" xslPath="F:/IDC/Vivek/CMMI/eclipseWKSP/RTC_Iterations_csv.xsl" Headers="3#@#1#@#6" HttpVerb="GET" payload="" input="replaceFunction(@servername,@Query1)" outputType="XML" outputTo="2.2" xpathOutputType="">	 
		 <Property Order="3" propertName="TeamAreaName" comparisonOperator="CREATETAG" value="outputOf(@Query2.2.1)" Group="" Operator="" parentTag="rtc_cm:Category" replaceparentTag=""/>		 		 
		 </Query>
			 
		  <Query id="2.2" type="OSLC" order ="intermediate" value="" xpath="//rtc_cm:defaultTeamArea/@rdf:resource" xpathinput="" xslPath="" Headers="" HttpVerb="" payload="" 
		 input="outputOf(@Query2)" outputType="Url" outputTo="2.2.1" xpathOutputType="">
         </Query>
		  <Query id="2.2.1" type="OSLC" order ="intermediate" value="" xpath="//rtc_cm:Team/dcterms:title" xpathinput="" xslPath="" Headers="3#@#1#@#6" HttpVerb="GET" payload="" input="outputOf(@Query2.2)" outputType="String" outputTo="2" nextpage="" xpathOutputType="">
         </Query>		 	
		 </Read>
		 <Write>
         	 
      </Write>
	</Entity>
	

	<Headers>
      <Header id="1" name="Accept" value="application/xml" />
	  <Header id="2" name="Accept" value="application/json" />
      <Header id="3" name="Content-type" value="application/xml" />
      <Header id="4" name="Authorization" value="Bearer" />
      <Header id="5" name="Content-type" value="application/json" />
	  <Header id="6" name="OSLC-Core-Version" value="2.0" />
	  <Header id="7" name="Accept" value="application/rdf+xml" />
	  <Header id="8" name="Content-type" value="application/rdf+xml" />
   </Headers>
</Details>

