<?xml version="1.0" encoding="UTF-8"?>
<configuration >

	<!-- <property name="USER_HOME" value="E:/Testlogs" /> -->

	<appender name="FILE-THREAD" class="ch.qos.logback.classic.sift.SiftingAppender">

		<!-- This is MDC value -->
		<!-- We will assign a value to 'logFileName' via Java code -->

		<discriminator>
			<key>USER_HOME</key>
			<defaultValue>Unknown</defaultValue>
		</discriminator>

		<sift>

		  <!-- A standard RollingFileAppender, the log file is based on 'logFileName' at runtime  -->
		  <appender name="LOGFILE" class="ch.qos.logback.core.rolling.RollingFileAppender">
			
			<file>${USER_HOME}.log</file>

			<encoder class="ch.qos.logback.classic.encoder.PatternLayoutEncoder">
				<Pattern>
					%d{yyyy-MM-dd HH:mm:ss} %level %logger{100} - %msg%n
				</Pattern>
			</encoder>

			<!--<rollingPolicy
				class="ch.qos.logback.core.rolling.FixedWindowRollingPolicy">
				<FileNamePattern>${USER_HOME}.%i.log.zip</FileNamePattern>
				<MinIndex>1</MinIndex>
				<MaxIndex>50</MaxIndex>
			</rollingPolicy>

			<triggeringPolicy
				class="ch.qos.logback.core.rolling.SizeBasedTriggeringPolicy">
				<MaxFileSize>1MB</MaxFileSize>
			</triggeringPolicy>-->
			
			<rollingPolicy class="ch.qos.logback.core.rolling.SizeAndTimeBasedRollingPolicy">
				<!-- rollover daily -->
				<fileNamePattern>${USER_HOME}-%d{yyyy-MM-dd}.%i.txt</fileNamePattern>
				<maxFileSize>5MB</maxFileSize>				
			</rollingPolicy>

		  </appender>

		</sift>
	</appender>

	<appender name="STDOUT" class="ch.qos.logback.core.ConsoleAppender">
		<layout class="ch.qos.logback.classic.PatternLayout">
			<Pattern>
				%-5level %logger{100} - %msg%n
			</Pattern>
		</layout>
	</appender>
	
	<Logger name="org.springframework" level="WARN"/>
	
	<root level="info" >
		<appender-ref ref="FILE-THREAD" />
		<appender-ref ref="STDOUT" />
	</root>

</configuration>