<?xml version="1.0" encoding="UTF-8" standalone="no"?><rdf:RDF
   xmlns:dcterms="http://purl.org/dc/terms/"
    xmlns:oslc_cm="http://open-services.net/ns/cm#"
    xmlns:rdf="http://www.w3.org/1999/02/22-rdf-syntax-ns#"
    xmlns:rtc_ext="http://jazz.net/xmlns/prod/jazz/rtc/ext/1.0/"
    xmlns:oslc_cmx="http://open-services.net/ns/cm-x#"
    xmlns:process="http://jazz.net/ns/process#"
    xmlns:acp="http://jazz.net/ns/acp#"
    xmlns:rtc_cm="http://jazz.net/xmlns/prod/jazz/rtc/cm/1.0/"
    xmlns:oslc="http://open-services.net/ns/core#"
    xmlns:oslc_pl="http://open-services.net/ns/pl#" >  
  <rdf:Description rdf:nodeID="A0">
    <dcterms:title rdf:parseType="Literal"></dcterms:title>
   	<rtc_ext:com.acn.adt3.workitem.attribute.deliverabletype rdf:datatype="http://www.w3.org/2001/XMLSchema#string"></rtc_ext:com.acn.adt3.workitem.attribute.deliverabletype>
   	<dcterms:subject rdf:datatype="http://www.w3.org/2001/XMLSchema#string">HPDP</dcterms:subject>
    <rtc_cm:foundIn rdf:resource=""/>
	<rtc_ext:com.acn.adt3.workitem.attribute.developmentstage rdf:datatype="http://www.w3.org/2001/XMLSchema#string"/>
	<!-- <rtc_ext:com.acn.adt3.workitem.attribute.deliverabletype rdf:datatype="http://www.w3.org/2001/XMLSchema#string"/> -->
   	<rtc_cm:com.ibm.team.workitem.linktype.relatedartifact.relatedArtifact rdf:resource="https://wegsfes19808devclm1.accenture.com/ccm/web"/>
  </rdf:Description>
  
  
</rdf:RDF>