<?xml version="1.0" encoding="UTF-8"?>
<Details
	xmlns:gqe="http://www.accenture.com/adt/integ/myWizard/gqe-SharePoint"
	xmlns:xsi="http://www.w3.org/2001/XMLSchema-instance"
	xsi:schemaLocation="http://www.accenture.com/adt/integ/myWizard/gqe-SharePoint GenericArguments.xsd ">


	<Entity NativeId="com.ibm.rqm.planning.VersionedTestCase" EntityId="8" Name="QM_TestCase" ContextValue="qm">
	<Read>
	
	<Query id="1" type="OSLC" order ="first" value="https://%s/qm/oslc_qm/contexts/%s/resources/%s?oslc.select=oslc:shortId&amp;oslc.where=dcterms%3Amodified%3E%22%s%3A00%3A00.000Z%22" xpath="//oslc:shortId" input="replaceFunction(@servername,@rqmcontextId,@workItemTypeId,@timeStamp,@endtimeStamp)" xslPath="" Headers="1#@#6" HttpVerb="GET" payload="" outputType="List" outputTo="2" xpathOutputType="" nextpage="//rdf:RDF/rdf:Description/oslc:nextPage/@rdf:resource">
	<Workflow id="1" method="dbUpdate" class="com.acn.adt.releases.FlaggedItems" arguments="@projectId,'WAIT',@workItemTypeId,@Query1,@fetchTime,@projectUUID,@workItemType" returnType="List" /> 
		  </Query>
		 <Query id="2" type="OSLC" order ="final" value="https://%s/qm/oslc_qm/contexts/%s/resources/%s?oslc.select=*&amp;oslc.where=oslc:shortId=%s" xpath="" xpathinput="" xslPath="F:/IDC/Vivek/CMMI/eclipseWKSP/RTC_Iterations_csv.xsl" Headers="7#@#6" HttpVerb="GET" payload="" input="replaceFunction(@servername,@rqmcontextId,@workItemTypeId,@Query1)" outputType="XML" outputTo="2.1#@#2.2#@#2.3#@#2.4" xpathOutputType="" >
		 
		<Property Order="1" propertName="Priority" comparisonOperator="CREATETAG" value="outputOf(@Query2.1.1)" Group="" Operator="AND" parentTag="rdf:RDF xmlns:rdf=http://www.w3.org/1999/02/22-rdf-syntax-ns#" replaceparentTag=""/>
		
		<Property Order="2" propertName="Status" comparisonOperator="CREATETAG" value="outputOf(@Query2.2.1)" Group="" Operator="AND" parentTag="rdf:RDF xmlns:rdf=http://www.w3.org/1999/02/22-rdf-syntax-ns#" replaceparentTag=""/>
		
		 <Property Order="3" propertName="ModifiedBy" comparisonOperator="CREATETAG" value="outputOf(@Query2.3.1)" Group="" Operator="AND" parentTag="rdf:RDF xmlns:rdf=http://www.w3.org/1999/02/22-rdf-syntax-ns#" replaceparentTag=""/>
		
		<Property Order="4" propertName="ScriptType" comparisonOperator="CREATETAG" value="outputOf(@Query2.4.2)" Group="" Operator="AND" parentTag="rdf:RDF xmlns:rdf=http://www.w3.org/1999/02/22-rdf-syntax-ns#" replaceparentTag=""/>
		
		<Property Order="5" propertName="ReleaseId" comparisonOperator="CREATETAG" value="outputOf(@Query2.5.4)" Group="" Operator="AND" parentTag="rdf:RDF xmlns:rdf=http://www.w3.org/1999/02/22-rdf-syntax-ns#" replaceparentTag=""/>
		
		<Property Order="13" propertName="Phase" comparisonOperator="CREATETAG" value="outputOf(@Query13.1)" Group="" Operator="AND" parentTag="rdf:RDF xmlns:rdf=http://www.w3.org/1999/02/22-rdf-syntax-ns#" replaceparentTag=""/>
		
		<Property Order="14" propertName="TestCycle" comparisonOperator="CREATETAG" value="outputOf(@Query14.2)" Group="" Operator="AND" parentTag="rdf:RDF xmlns:rdf=http://www.w3.org/1999/02/22-rdf-syntax-ns#" replaceparentTag=""/>
		 
		
		<!-- <Property Order="5" propertName="header" comparisonOperator="CREATETAG" value="" Group="" Operator="" parentTag="rdf:RDF xmlns:rdf=http://www.w3.org/1999/02/22-rdf-syntax-ns#" replaceparentTag=""/> -->
		
		<Property Order="6" propertName="MessageId" comparisonOperator="CREATETAG" value="methodOf(MessageID)" Group="" Operator="" parentTag="rdf:RDF xmlns:rdf=http://www.w3.org/1999/02/22-rdf-syntax-ns#" replaceparentTag=""/>
		
		<Property Order="7" propertName="MessageTimestamp" comparisonOperator="CREATETAG" value="methodOf(GenerateCurrentTime)" Group="" Operator="" parentTag="rdf:RDF xmlns:rdf=http://www.w3.org/1999/02/22-rdf-syntax-ns#" replaceparentTag=""/>
		 
		<Property Order="8" propertName="sourceSystemId" comparisonOperator="CREATETAG" value="CLM-RQM" Group="" Operator="" parentTag="rdf:RDF xmlns:rdf=http://www.w3.org/1999/02/22-rdf-syntax-ns#" replaceparentTag=""/>
		
		<Property Order="9" propertName="ToolGuid" comparisonOperator="CREATETAG" value="ToolGuid" Group="" Operator="" parentTag="rdf:RDF xmlns:rdf=http://www.w3.org/1999/02/22-rdf-syntax-ns#" replaceparentTag=""/>
		
		<Property Order="10" propertName="AccessLinkUrl" comparisonOperator="CREATETAG" value="https://%s/ccm/web/projects/%s"  replacepropertValue="replaceFunction(@servername,@rqmprojectname)" Group="" Operator="" parentTag="rdf:RDF xmlns:rdf=http://www.w3.org/1999/02/22-rdf-syntax-ns#" replaceparentTag=""/>
		
		<Property Order="11" propertName="hpdpFunction" comparisonOperator="CREATETAG" value="TEST CASE" Group="" Operator="" parentTag="rdf:RDF xmlns:rdf=http://www.w3.org/1999/02/22-rdf-syntax-ns#" replaceparentTag=""/>
		
		 <!-- <Property Order="12" propertName="oslc_qm:testsChangeRequest" comparisonOperator="ADDINTAG" value="outputOf(@Query12.1.2)" Group="" Operator="AND" /> -->
		
		</Query>
		
		
		  <Query id="2.1" type="OSLC" order ="intermediate" value="" xpath="//dcterms:relation/@rdf:resource" xpathinput="" xslPath="" Headers="" HttpVerb="" payload="" input="outputOf(@Query2)" outputType="Url" outputTo="2.1.1" xpathOutputType="" >
         </Query>
		 <Query id="2.1.1" type="OSLC" order ="intermediate" value="" xpath="//ns2:testcase/ns2:priority
" xpathinput="" xslPath="" Headers="1#@#6" HttpVerb="GET" payload="" input="outputOf(@Query2.1)" outputType="String" outputTo="2" xpathOutputType="" nextpage="">
         </Query>
		 
		  <Query id="2.2" type="OSLC" order ="intermediate" value="" xpath="//dcterms:relation/@rdf:resource" xpathinput="" xslPath="" Headers="" HttpVerb="" payload="" input="outputOf(@Query2)" outputType="Url" outputTo="2.2.1#@#2.5.1" xpathOutputType="" >
         </Query>
		 <Query id="2.2.1" type="OSLC" order ="intermediate" value="" xpath="//ns2:testcase//*[local-name()='state']
" xpathinput="" xslPath="" Headers="1#@#6" HttpVerb="GET" payload="" input="outputOf(@Query2.2)" outputType="String" outputTo="2.2" xpathOutputType="" nextpage="">
         </Query>
		 
		 <Query id="2.3" type="OSLC" order ="intermediate" value="" xpath="//dcterms:modified" xpathinput="" xslPath="" Headers="" HttpVerb="" payload="" input="outputOf(@Query2)" outputType="Url" outputTo="2.3.1" xpathOutputType="" >
         </Query>
		 <Query id="2.3.1" type="OSLC" order ="intermediate" value="https://%s/qm/service/com.ibm.rqm.integration.service.IIntegrationService/history?resourceId=resources/%s/testcase/urn:com.ibm.rqm:testcase:%s" xpath="//atom:entry[atom:updated=&quot;%s&quot;]/atom:title
" xpathinput="replaceFunction(@Query2.3)" xslPath="" Headers="1#@#6" HttpVerb="GET" payload="" input="replaceFunction(@servername,@rqmprojectname,@Query1)" outputType="String" outputTo="2" xpathOutputType="" >
         </Query>
		 
		  <Query id="2.4" type="OSLC" order ="intermediate" value="" xpath="//dcterms:relation/@rdf:resource" xpathinput="" xslPath="" Headers="" HttpVerb="" payload="" input="outputOf(@Query2)" outputType="Url" outputTo="2.4.1" xpathOutputType="" >
         </Query>
		  <Query id="2.4.1" type="OSLC" order ="intermediate" value="https://%s/qm/service/com.ibm.rqm.integration.service.IIntegrationService/resources/%s/executionscript?fields=feed/entry/content/executionscript/testcase[@href=&apos;%s&apos;]" xpath="//atom:entry/atom:id" xpathinput="" xslPath="" Headers="" HttpVerb="" payload="" input="replaceFunction(@servername,@rqmprojectname,@Query2.4)" outputType="String" outputTo="2.4.2" xpathOutputType="" >
         </Query>
		 <Query id="2.4.2" type="OSLC" order ="intermediate" value="" xpath="//ns2:executionscript/*[local-name()='type']" xpathinput="" xslPath="" Headers="1#@#6" HttpVerb="GET" payload="" input="outputOf(@Query2.4.1)" outputType="String" outputTo="2" nextpage="" xpathOutputType="" >
         </Query>
		 
		 
		 	<Query id="12.1" type="OSLC" order ="intermediate" value="" xpath="//oslc_qm:testsChangeRequest/@rdf:resource"  xpathinput="" xslPath="" Headers="" HttpVerb="" payload="" input="outputOf(@Query2)" outputType="Url" outputTo="12.1.1" nextpage="" xpathOutputType="" >
			
         </Query>
		 
		  <Query id="2.5.1" type="OSLC" order ="intermediate" value="https://%s/qm/service/com.ibm.rqm.integration.service.IIntegrationService/resources/%s/testplan?fields=feed/entry/content/testplan/testcase[@href='%s']" xpath="//atom:entry/atom:id" xpathinput="" xslPath="" Headers="1#@#6" HttpVerb="GET" payload="" input="replaceFunction(@servername,@rqmprojectname,@Query2.2)" outputType="String" outputTo="2.5.2" xpathOutputType="">
         </Query>
		 <Query id="2.5.2" type="OSLC" order ="intermediate" value="" xpath="//ns2:testplan/ns2:parentIteration/@*[contains(.,'.com')]" xpathinput="" xslPath="" Headers="1#@#6" HttpVerb="GET" payload="" input="outputOf(@Query2.5.1)" outputType="String" outputTo="2.5.3" xpathOutputType="NodeList">
         </Query>
		 <Query id="2.5.3" type="OSLC" order ="intermediate" value="" xpath="//jp:iteration/jp:parent-url" xpathinput="" xslPath="" Headers="1#@#6" HttpVerb="GET" payload="" input="outputOf(@Query2.5.2)" outputType="String" outputTo="13.1#@#2.5.4" xpathOutputType="NodeList">
         </Query>
		  <Query id="2.5.4" type="OSLC" order ="intermediate" value="" xpath="replace(//jp:iteration/jp:parent-url, '^.*/','')" xpathinput="" xslPath="" Headers="1#@#6" HttpVerb="GET" payload="" input="outputOf(@Query2.5.3)" outputType="String" outputTo="2" xpathOutputType="String">
         </Query> 
		 	<!-- <Query id="12.1.1" type="OSLC" order ="intermediate" value="" xpath="//rtc_cm:plannedFor/@rdf:resource"  xpathinput="" xslPath="" Headers="" HttpVerb="" payload="" input="outputOf(@Query12.1)" outputType="String" outputTo="12.1.2" nextpage="">
			</Query>
		 <Query id="12.1.2" type="OSLC" order ="intermediate" value="" xpath="//dcterms:title" xpathinput="" xslPath="" Headers="7#@#6" HttpVerb="GET" payload="" input="outputOf(@Query12.1.1)" outputType="String" outputTo="2" nextpage="">
         </Query> -->
		 <Query id="13.1" type="OSLC" order ="intermediate" value="" xpath="//jp:iteration/jp:label"  xpathinput="" xslPath="" Headers="" HttpVerb="" payload="" input="outputOf(@Query2.5.3)" outputType="String" outputTo="14.1" nextpage="" xpathOutputType="" >
		 </Query>
		 <Query id="14.1" type="OSLC" order ="intermediate" value="" xpath="//jp:iteration/jp:childern-iterations-url"  xpathinput="" xslPath="" Headers="" HttpVerb="" payload="" input="outputOf(@Query2.5.3)" outputType="String" outputTo="14.2" nextpage="" xpathOutputType="" >
		 </Query>
		   <Query id="14.2" type="OSLC" order ="intermediate" value="" xpath="//jp:iteration/jp:label"  xpathinput="" xslPath="" Headers="" HttpVerb="" payload="" input="outputOf(@Query14.1)" outputType="String" outputTo="2.5.3" nextpage="" xpathOutputType="" >
		 </Query>
		 </Read>
	</Entity>
	

	<Headers>
      <Header id="1" name="Accept" value="application/xml" />
	  <Header id="2" name="Accept" value="application/json" />
      <Header id="3" name="Content-type" value="application/xml" />
      <Header id="4" name="Authorization" value="Bearer" />
      <Header id="5" name="Content-type" value="application/json" />
	  <Header id="6" name="OSLC-Core-Version" value="2.0" />
	  <Header id="7" name="Accept" value="application/rdf+xml" />
	  <Header id="8" name="Content-type" value="application/rdf+xml" />
   </Headers>
</Details>

