<?xml version="1.0" encoding="UTF-8"?>
<Details xmlns:gqe="http://www.accenture.com/adt/integ/myWizard/gqe-SharePoint" xmlns:xsi="http://www.w3.org/2001/XMLSchema-instance" xsi:schemaLocation="http://www.accenture.com/adt/integ/myWizard/gqe-SharePoint GenericArguments.xsd ">
   <Entity NativeId="com.acn.adt3.workitem.workitemtype.workProduct" EntityId="23" Name="ADT_Workproduct_Receivable" ContextValue="ccm">
      <Write>
         <Update>
		 <Query id="1" type="OSLC" order="final" value="%s" xpath="" xpathinput="" xslPath="" Headers="" HttpVerb="" payload="replaceFunction(@inputData)" input="" outputType="XML" outputTo="2" nextpage="" xpathOutputType=""/>
		 <Query id="2" type="OSLC" order ="intermediate" value="" xpath="//CLMId"  xpathinput="" xslPath="" Headers="" HttpVerb="" payload="" input="outputOf(@Query1)" outputType="Url" outputTo="3" nextpage="" xpathOutputType="String">
         </Query>
		 <Query id="3" type="OSLC" order ="intermediate" value="https://%s/ccm/oslc/contexts/%s/workitems%20?oslc.where=+dcterms%3Aidentifier+%3D%22%s%22+&amp;oslc.select+=*" xpath="replace(//rtc_cm:type/@rdf:resource, '^.*/','')" xpathinput="" xslPath="" Headers="1#@#6" HttpVerb="GET" payload="" input="replaceFunction(@servername,@rtccontextId,@Query2)" outputType="String" outputTo="4" xpathOutputType="String">
		 <Workflow id="1" method="validateWorkItem" class="com.acn.adt.common.validation.InflowValidator" arguments="@workItemTypeId,@Query3" returnType="Boolean" />
		 </Query>
		 
		 <Query id="4" type="OSLC" order ="intermediate" value="" xpath="//ReleaseId"  xpathinput="" xslPath="" Headers="" HttpVerb="" payload="" input="outputOf(@Query1)" outputType="Url" outputTo="5" nextpage="" xpathOutputType="String">
         </Query>
		 <Query id="5" type="OSLC" order ="intermediate" value="https://%s/ccm/oslc/deliverables/%s" xpath="replace(//rtc_cm:projectArea/@rdf:resource, '^.*/','')" xpathinput="" xslPath="" Headers="1#@#6" HttpVerb="GET" payload="" input="replaceFunction(@servername,@Query4)" outputType="String" outputTo="9" xpathOutputType="String">
		 <Workflow id="1" method="validateWorkItem" class="com.acn.adt.common.validation.InflowValidator" arguments="@rtccontextId,@Query5" returnType="Boolean" />
		 </Query>
		 <Query id="9" type="OSLC" order ="intermediate" value="https://%s/ccm/oslc/deliverables/%s" xpath="//rtc_cm:archived" xpathinput="" xslPath="" Headers="1#@#6" HttpVerb="GET" payload="" input="replaceFunction(@servername,@Query4)" outputType="String" outputTo="6" xpathOutputType="String">
		 <Workflow id="1" method="validateWorkItem" class="com.acn.adt.common.validation.InflowValidator" arguments="'false',@Query9" returnType="Boolean" />
		 </Query>
		 
		<Query id="6" type="OSLC" order="first" value="" xpath="" xpathinput="" xslPath="" Headers="" HttpVerb="" payload="C:/IDC/GC_Config/config/receivablePayload.xml" input="" outputType="XML" outputTo="6.1#@#10" xpathOutputType="">
               <Property Order="1" propertName="rtc_cm:foundIn rdf:resource" comparisonOperator="ADDINTAG" value="getInputData(ReleaseId)" Group="" Operator="AND" />
              <Property Order="2" propertName="rtc_cm:foundIn rdf:resource" comparisonOperator="ADDINTAG" value="outputOf(@Query6.2)" Group="" Operator="AND" />
               <Property Order="3" propertName="dcterms:title" comparisonOperator="ADDINTAG" value="getInputData(Title)" Group="" Operator="AND" />
			   <Property Order="4" propertName="rtc_ext:com.acn.adt3.workitem.attribute.developmentstage" comparisonOperator="ADDINTAG" value="getInputData(Phase)" Group="" Operator="AND" />
				<Property Order="5" propertName="rtc_ext:com.acn.adt3.workitem.attribute.deliverabletype" comparisonOperator="ADDINTAG" value="getInputData(DeliverableType)" Group="" Operator="AND" />
            </Query>
			<Query id="6.1" type="OSLC" order ="intermediate" value="" xpath="//rtc_cm:foundIn/@rdf:resource"  xpathinput="" xslPath="" Headers="" HttpVerb="" payload="" input="outputOf(@Query6)" outputType="Url" outputTo="6.2" nextpage="" xpathOutputType="String">
			</Query>
			<Query id="6.2" type="OSLC" order ="intermediate" value="https://%s/ccm/resource/itemOid/com.ibm.team.workitem.Deliverable/%s" xpath=""  xpathinput="" xslPath="" Headers="" HttpVerb="" payload="" input="replaceFunction(@servername,@Query6.1)" outputType="Literal" outputTo="6" nextpage="" xpathOutputType="String">
			</Query>
			
			<Query id="10" type="OSLC" order ="intermediate" value="https://%s/ccm/resource/itemName/com.ibm.team.workitem.WorkItem/%s" xpath="" xpathinput="" xslPath="" Headers="" HttpVerb="" payload="" input="replaceFunction(@servername,@Query2)" outputType="Literal" outputTo="7" xpathOutputType="" />
			
            <Query id="7" type="OSLC" order="intermediate" value="%s" xpath="" xpathinput="" xslPath="F:/IDC/Vivek/CMMI/eclipseWKSP/RTC_Iterations_csv.xsl" Headers="7#@#3#@#6" HttpVerb="PUT" payload="outputOf(@Query6)" input="outputOf(@Query10)" outputType="String" outputTo="8" xpathOutputType="" />
            <Query id="8" type="OSLC" order="final" value="%s" xpath="" xpathinput="" xslPath="" Headers="" HttpVerb="" payload="replaceFunction(@inputData)" input="" outputType="XML" outputTo="" nextpage="" xpathOutputType="">
               <Property Order="1" propertName="Status" comparisonOperator="CREATETAG" value="outputOf(@Query7)" replacepropertValue="" Group="" Operator="" parentTag="" replaceparentTag="" />
			   <Property Order="2" propertName="Status" comparisonOperator="CREATETAG" value="outputOf(@Query7)" replacepropertValue="" Group="" Operator="" parentTag="Workitem" replaceparentTag="" />
            </Query>
			
         </Update>
		 <Create>
            <Query id="1" type="OSLC" order="first" value="" xpath="" xpathinput="" xslPath="" Headers="" HttpVerb="" payload="E:/SupportingFiles/receivablePayload.xml" input="" outputType="XML" outputTo="1.1#@#7" xpathOutputType="">
               <Property Order="1" propertName="rtc_cm:foundIn rdf:resource" comparisonOperator="ADDINTAG" value="getInputData(ReleaseId)" Group="" Operator="AND" />
                <Property Order="2" propertName="rtc_cm:foundIn rdf:resource" comparisonOperator="ADDINTAG" value="outputOf(@Query1.2)" Group="" Operator="AND" />
               <Property Order="3" propertName="dcterms:title" comparisonOperator="ADDINTAG" value="getInputData(Title)" Group="" Operator="AND" />
			   <Property Order="4" propertName="rtc_ext:com.acn.adt3.workitem.attribute.developmentstage" comparisonOperator="ADDINTAG" value="getInputData(Phase)" Group="" Operator="AND" />
				<Property Order="5" propertName="rtc_ext:com.acn.adt3.workitem.attribute.deliverabletype" comparisonOperator="ADDINTAG" value="getInputData(DeliverableType)" Group="" Operator="AND" />
            </Query>
			<Query id="1.1" type="OSLC" order ="intermediate" value="" xpath="//rtc_cm:foundIn/@rdf:resource"  xpathinput="" xslPath="" Headers="" HttpVerb="" payload="" input="outputOf(@Query1)" outputType="Url" outputTo="1.2" nextpage="" xpathOutputType="String">
			</Query>
			<Query id="1.2" type="OSLC" order ="intermediate" value="https://%s/ccm/resource/itemOid/com.ibm.team.workitem.Deliverable/%s" xpath=""  xpathinput="" xslPath="" Headers="" HttpVerb="" payload="" input="replaceFunction(@servername,@Query1.1)" outputType="Literal" outputTo="1" nextpage="" xpathOutputType="String">
			</Query>
		 
		 <Query id="7" type="OSLC" order="final" value="%s" xpath="" xpathinput="" xslPath="" Headers="" HttpVerb="" payload="replaceFunction(@inputData)" input="" outputType="XML" outputTo="2" nextpage="" xpathOutputType=""/>
		 
		 <Query id="2" type="OSLC" order ="intermediate" value="" xpath="//ReleaseId"  xpathinput="" xslPath="" Headers="" HttpVerb="" payload="" input="outputOf(@Query7)" outputType="Url" outputTo="3" nextpage="" xpathOutputType="String">
         </Query>
		 
		 <Query id="3" type="OSLC" order ="intermediate" value="https://%s/ccm/oslc/deliverables/%s" xpath="replace(//rtc_cm:projectArea/@rdf:resource, '^.*/','')" xpathinput="" xslPath="" Headers="1#@#6" HttpVerb="GET" payload="" input="replaceFunction(@servername,@Query2)" outputType="String" outputTo="9" xpathOutputType="String">
		 <Workflow id="1" method="validateWorkItem" class="com.acn.adt.common.validation.InflowValidator" arguments="@rtccontextId,@Query3" returnType="Boolean" />
		 </Query>

			<Query id="9" type="OSLC" order ="intermediate" value="https://%s/ccm/oslc/deliverables/%s" xpath="//rtc_cm:archived" xpathinput="" xslPath="" Headers="1#@#6" HttpVerb="GET" payload="" input="replaceFunction(@servername,@Query2)" outputType="String" outputTo="4" xpathOutputType="String">
		 <Workflow id="1" method="validateWorkItem" class="com.acn.adt.common.validation.InflowValidator" arguments="'false',@Query9" returnType="Boolean" />
		 </Query>
			
            <Query id="4" type="OSLC" order="intermediate" value="https://%s/ccm/oslc/contexts/%s/workitems/%s" xpath="" xpathinput="" xslPath="F:/IDC/Vivek/CMMI/eclipseWKSP/RTC_Iterations_csv.xsl" Headers="7#@#3#@#6" HttpVerb="POST" payload="outputOf(@Query1)" input="replaceFunction(@servername,@rtccontextId,@workItemTypeId)" outputType="String" outputTo="5" xpathOutputType="" />
            <Query id="5" type="OSLC" order="final" value="%s" xpath="" xpathinput="" xslPath="" Headers="" HttpVerb="" payload="replaceFunction(@inputData)" input="" outputType="XML" outputTo="5.1#@#5.2" nextpage="" xpathOutputType="">
               <Property Order="1" propertName="Url" comparisonOperator="CREATETAG" value="outputOf(@Query4)" replacepropertValue="" Group="" Operator="" parentTag="Workitem" replaceparentTag="" />
			   <Property Order="2" propertName="Status" comparisonOperator="CREATETAG" value="outputOf(@Query5.1)" replacepropertValue="" Group="" Operator="" parentTag="" replaceparentTag="" />
			   <Property Order="4" propertName="Status" comparisonOperator="CREATETAG" value="outputOf(@Query5.1)" replacepropertValue="" Group="" Operator="" parentTag="Workitem" replaceparentTag="" />
			   <Property Order="3" propertName="Url" comparisonOperator="ADDINTAG" value="outputOf(@Query5.2)" replacepropertValue="" Group="" Operator="" parentTag="" replaceparentTag="" />
			    <Property Order="5" propertName="CLMId" comparisonOperator="ADDINTAG" value="outputOf(@Query5.3)" replacepropertValue="" Group="" Operator="" parentTag="" replaceparentTag="" />
            </Query>
			<Query id="5.1" type="OSLC" order ="intermediate" value="" xpath="replace(//Url, '\-(.*)','')"  xpathinput="" xslPath="" Headers="" HttpVerb="" payload="" input="outputOf(@Query5)" outputType="Url" outputTo="5" nextpage="" xpathOutputType="String">
			</Query>
			<Query id="5.2" type="OSLC" order ="intermediate" value="" xpath="replace(//Url, '^.*-','')"  xpathinput="" xslPath="" Headers="" HttpVerb="" payload="" input="outputOf(@Query5)" outputType="Url" outputTo="5.3#@#5" nextpage="" xpathOutputType="String">
			</Query>
			<Query id="5.3" type="OSLC" order ="intermediate" value="" xpath="replace(//Url, '^.*/','')"  xpathinput="" xslPath="" Headers="" HttpVerb="" payload="" input="outputOf(@Query5)" outputType="Url" outputTo="5" nextpage="" xpathOutputType="String">
			</Query>
         </Create>
      </Write>
   </Entity>
   <Headers>
      <Header id="1" name="Accept" value="application/xml" />
      <Header id="2" name="Accept" value="application/json" />
      <Header id="3" name="Content-type" value="application/xml" />
      <Header id="4" name="Authorization" value="Bearer" />
      <Header id="5" name="Content-type" value="application/json" />
      <Header id="6" name="OSLC-Core-Version" value="2.0" />
      <Header id="7" name="Accept" value="application/rdf+xml" />
      <Header id="8" name="Content-type" value="application/rdf+xml" />
   </Headers>
</Details>