<?xml version="1.0" encoding="UTF-8"?>
<Details
	xmlns:gqe="http://www.accenture.com/adt/integ/myWizard/gqe-SharePoint"
	xmlns:xsi="http://www.w3.org/2001/XMLSchema-instance"
	xsi:schemaLocation="http://www.accenture.com/adt/integ/myWizard/gqe-SharePoint GenericArguments.xsd ">


	<Entity NativeId="com.ibm.team.workitem.workItemType.task" EntityId="22" Name="ADT_Task" ContextValue="ccm">
	<Read>
	<Query id="1" type="OSLC" order ="first" value="https://%s/ccm/oslc/contexts/%s/workitems?oslc.where=rtc_cm%3Atype+%3D%22%s%22+and+dcterms%3Amodified%3E%22%s%22&amp;oslc.select+=+dcterms%3Aidentifier" xpath="//dcterms:identifier" input="replaceFunction(@servername,@rtccontextId,@workItemTypeId,@timeStamp)" xslPath="" Headers="7#@#6" HttpVerb="GET" payload="" outputType="List" outputTo="2" nextpage="" xpathOutputType="">
	<Workflow id="1" method="dbUpdate" class="com.acn.adt.releases.FlaggedItems" arguments="@projectId,'WAIT',@workItemTypeId,@Query1,@fetchTime,@projectUUID,@workItemType" returnType="List" /> 
    </Query>
		 
		 <Query id="2" type="OSLC" order ="final" value="https://%s/ccm/oslc/contexts/%s/workitems%20?oslc.where=+dcterms%3Aidentifier+%3D%22%s%22+&amp;oslc.select+=*" xpath="" xpathinput="" xslPath="F:/IDC/Vivek/CMMI/eclipseWKSP/RTC_Iterations_csv.xsl" Headers="7#@#6" HttpVerb="GET" payload="" input="replaceFunction(@servername,@rtccontextId,@Query1)" outputType="XML" outputTo="2.1#@#2.2#@#2.3#@#2.6#@#2.7#@#2.9" xpathOutputType="">
		 <Property Order="1" propertName="rtc_cm:filedAgainst" comparisonOperator="ADDINTAG" value="outputOf(@Query2.1.1)" Group="" Operator="AND" />
		  <Property Order="2" propertName="process:teamArea" comparisonOperator="ADDINTAG" value="outputOf(@Query2.2.1)" Group="" Operator="AND" />
		  <Property Order="3" propertName="rtc_cm:resolution" comparisonOperator="ADDINTAG" value="outputOf(@Query2.3.1)" Group="" Operator="AND" />
		
		 <!-- <Property Order="4" propertName="rtc_cm:com.ibm.team.workitem.linktype.parentworkitem.parent" comparisonOperator="ADDINTAG" value="outputOf(@Query2.4.1)" Group="" Operator="AND" /> -->
		<!--  <Property Order="5" propertName="rtc_ext:com.ibm.team.workitem.workItemType.risk.impact" comparisonOperator="ADDINTAG" value="outputOf(@Query2.5.1)" Group="" Operator="AND" /> -->
		 
		 <Property Order="6" propertName="rtc_cm:state" comparisonOperator="ADDINTAG" value="outputOf(@Query2.6.1)" Group="" Operator="AND" />
		<Property Order="7" propertName="AccessLinkUrl" comparisonOperator="CREATETAG" value="https://%s/ccm/web/projects/%s"  replacepropertValue="replaceFunction(@servername,@projectname)" Group="" Operator="" parentTag="rdf:Description rdf:about=https://%s/ccm/oslc/contexts/%s/workitems" replaceparentTag="replaceFunction(@servername,@rtccontextId)"/>
		 <Property Order="8" propertName="MessageId" comparisonOperator="CREATETAG" value="methodOf(MessageID)" Group="" Operator="" parentTag="rdf:Description rdf:about=https://%s/ccm/oslc/contexts/%s/workitems" replaceparentTag="replaceFunction(@servername,@rtccontextId)"/>
		 <Property Order="9" propertName="MessageTimestamp" comparisonOperator="CREATETAG" value="methodOf(GenerateCurrentTime)" Group="" Operator="" parentTag="rdf:Description rdf:about=https://%s/ccm/oslc/contexts/%s/workitems" replaceparentTag="replaceFunction(@servername,@rtccontextId)"/>
		 <Property Order="10" propertName="ToolGuid" comparisonOperator="CREATETAG" value="ToolGuid" Group="" Operator="" parentTag="rdf:Description rdf:about=https://%s/ccm/oslc/contexts/%s/workitems" replaceparentTag="replaceFunction(@servername,@rtccontextId)"/>
		 <!-- <Property Order="11" propertName="rtc_ext:com.ibm.team.apt.attribute.complexity" comparisonOperator="ADDINTAG" value="outputOf(@Query2.8.1)" Group="" Operator="" parentTag="rdf:Description rdf:about=https://%s/ccm/oslc/contexts/%s/workitems" replaceparentTag="replaceFunction(@servername,@rtccontextId)"/> -->
		 
		 <Property Order="12" propertName="iterationName" comparisonOperator="CREATETAG" value="outputOf(@Query2.7.1)" Group="" Operator="" parentTag="rdf:Description rdf:about=https://%s/ccm/oslc/contexts/%s/workitems" replaceparentTag="replaceFunction(@servername,@rtccontextId)"/>
		  <Property Order="13" propertName="iterationStartDate" comparisonOperator="CREATETAG" value="outputOf(@Query2.7.2)" Group="" Operator="" parentTag="rdf:Description rdf:about=https://%s/ccm/oslc/contexts/%s/workitems" replaceparentTag="replaceFunction(@servername,@rtccontextId)"/>
		  <Property Order="14" propertName="iterationEndDate" comparisonOperator="CREATETAG" value="outputOf(@Query2.7.3)" Group="" Operator="" parentTag="rdf:Description rdf:about=https://%s/ccm/oslc/contexts/%s/workitems" replaceparentTag="replaceFunction(@servername,@rtccontextId)"/>
		 
		 <Property Order="15" propertName="iterationParentId" comparisonOperator="CREATETAG" value="outputOf(@Query2.7.4)" Group="" Operator="" parentTag="rdf:Description rdf:about=https://%s/ccm/oslc/contexts/%s/workitems" replaceparentTag="replaceFunction(@servername,@rtccontextId)"/>
		<Property Order="16" propertName="iterationParentName" comparisonOperator="CREATETAG" value="outputOf(@Query2.7.4.2)" Group="" Operator="" parentTag="rdf:Description rdf:about=https://%s/ccm/oslc/contexts/%s/workitems" replaceparentTag="replaceFunction(@servername,@rtccontextId)"/>
		 <Property Order="17" propertName="iterationParentStartDate" comparisonOperator="CREATETAG" value="outputOf(@Query2.7.4.3)" Group="" Operator="" parentTag="rdf:Description rdf:about=https://%s/ccm/oslc/contexts/%s/workitems" replaceparentTag="replaceFunction(@servername,@rtccontextId)"/>
		 <Property Order="18" propertName="iterationParentEndDate" comparisonOperator="CREATETAG" value="outputOf(@Query2.7.4.4)" Group="" Operator="" parentTag="rdf:Description rdf:about=https://%s/ccm/oslc/contexts/%s/workitems" replaceparentTag="replaceFunction(@servername,@rtccontextId)"/>
		 <Property Order="20" propertName="oslc_cmx:priority" comparisonOperator="ADDINTAG" value="outputOf(@Query2.9.1)" Group="" Operator="AND" />
         </Query>
		 

		<Query id="2.1" type="OSLC" order ="intermediate" value="" xpath="//rtc_cm:filedAgainst/@rdf:resource"  xpathinput="" xslPath="" Headers="" HttpVerb="" payload="" input="outputOf(@Query2)" outputType="Url" outputTo="2.1.1" nextpage="" xpathOutputType="">
         </Query>
		 <Query id="2.1.1" type="OSLC" order ="intermediate" value="" xpath="//dcterms:title" xpathinput="" xslPath="" Headers="7#@#6" HttpVerb="GET" payload="" input="outputOf(@Query2.1)" outputType="String" outputTo="2" nextpage="" xpathOutputType="">
         </Query>
		 
		  <Query id="2.2" type="OSLC" order ="intermediate" value="" xpath="//process:teamArea/@rdf:resource" xpathinput="" xslPath="" Headers="" HttpVerb="" payload="" 
		 input="outputOf(@Query2)" outputType="Url" outputTo="2.2.1" xpathOutputType="">
         </Query>
		  <Query id="2.2.1" type="OSLC" order ="intermediate" value="" xpath="//dcterms:title" xpathinput="" xslPath="" Headers="7#@#6" HttpVerb="GET" payload="" input="outputOf(@Query2.2)" outputType="String" outputTo="2" nextpage="" xpathOutputType="">
         </Query>
		 <Query id="2.3" type="OSLC" order ="intermediate" value="" xpath="//rtc_cm:resolution/@rdf:resource" xpathinput="" xslPath="" Headers="" HttpVerb="" payload="" 
		 input="outputOf(@Query2)" outputType="Url" outputTo="2.3.1" xpathOutputType="">
         </Query>
		  <Query id="2.3.1" type="OSLC" order ="intermediate" value="" xpath="//dcterms:title" xpathinput="" xslPath="" Headers="7#@#6" HttpVerb="GET" payload="" input="outputOf(@Query2.3)" outputType="String" outputTo="2" nextpage="" xpathOutputType="">
         </Query>	
       <!-- <Query id="2.4" type="OSLC" order ="intermediate" value="" xpath="//rtc_cm:com.ibm.team.workitem.linktype.parentworkitem.parent/@rdf:resource" xpathinput="" xslPath="" Headers="" HttpVerb="" payload="" 
		 input="outputOf(@Query2)" outputType="Url" outputTo="2.4.1">
         </Query>
		  <Query id="2.4.1" type="OSLC" order ="intermediate" value="" xpath="//dcterms:type" xpathinput="" xslPath="" Headers="7#@#6" HttpVerb="GET" payload="" input="outputOf(@Query2.4)" outputType="String" outputTo="2" nextpage="">
         </Query> -->		 
		 <Query id="2.6" type="OSLC" order ="intermediate" value="" xpath="//rtc_cm:state/@rdf:resource" xpathinput="" xslPath="" Headers="" HttpVerb="" payload=""  
		 input="outputOf(@Query2)" outputType="Url" outputTo="2.6.1" xpathOutputType="">
         </Query>
		 <Query id="2.6.1" type="OSLC" order ="intermediate" value="" xpath="//dcterms:title" xpathinput="" xslPath="" Headers="7#@#6" HttpVerb="GET" payload="" input="outputOf(@Query2.6)" outputType="String" outputTo="2" nextpage="" xpathOutputType="">
         </Query>
		 	 
		 <Query id="2.7" type="OSLC" order ="intermediate" value="" xpath="//rtc_cm:plannedFor/@rdf:resource" xpathinput="" xslPath="" Headers="" HttpVerb="" payload=""  
		 input="outputOf(@Query2)" outputType="Url" outputTo="2.7.1#@#2.7.2#@#2.7.3#@#2.7.4" xpathOutputType="">
         </Query>
		  <Query id="2.7.1" type="OSLC" order ="intermediate" value="" xpath="//dcterms:identifier" xpathinput="" xslPath="" Headers="7#@#6" HttpVerb="GET" payload="" input="outputOf(@Query2.7)" outputType="String" outputTo="2.7" nextpage="" xpathOutputType="">
         </Query>
		  <Query id="2.7.2" type="OSLC" order ="intermediate" value="" xpath="//rtc_cm:startDate" xpathinput="" xslPath="" Headers="7#@#6" HttpVerb="GET" payload="" input="outputOf(@Query2.7)" outputType="String" outputTo="2.7" nextpage="" xpathOutputType="">
         </Query>
		 <Query id="2.7.3" type="OSLC" order ="intermediate" value="" xpath="//rtc_cm:endDate" xpathinput="" xslPath="" Headers="7#@#6" HttpVerb="GET" payload="" input="outputOf(@Query2.7)" outputType="String" outputTo="2.7" nextpage="" xpathOutputType="">
         </Query>
		 
		 <Query id="2.7.4" type="OSLC" order ="intermediate" value="" xpath="//rtc_cm:parent/@rdf:resource" xpathinput="" xslPath="" Headers="7#@#6" HttpVerb="GET" payload="" input="outputOf(@Query2.7)" outputType="String" outputTo="2.7.4.1#@#2.7.4.2#@#2.7.4.3#@#2.7.4.4" nextpage="" xpathOutputType="">
         </Query>
		 <Query id="2.7.4.1" type="OSLC" order ="intermediate" value="" xpath="//dcterms:identifier" xpathinput="" xslPath="" Headers="7#@#6" HttpVerb="GET" 	payload="" input="outputOf(@Query2.7.4)" outputType="String" outputTo="2.7.4" nextpage="" xpathOutputType="">
         </Query>
		 <Query id="2.7.4.2" type="OSLC" order ="intermediate" value="" xpath="//dcterms:identifier" xpathinput="" xslPath="" Headers="7#@#6" HttpVerb="GET" payload="" input="outputOf(@Query2.7.4)" outputType="String" outputTo="2.7.4" nextpage="" xpathOutputType="">
         </Query>
		 <Query id="2.7.4.3" type="OSLC" order ="intermediate" value="" xpath="//rtc_cm:startDate" xpathinput="" xslPath="" Headers="7#@#6" HttpVerb="GET" payload="" input="outputOf(@Query2.7.4)" outputType="String" outputTo="2.7.4" nextpage="" xpathOutputType="">
         </Query>
		 <Query id="2.7.4.4" type="OSLC" order ="intermediate" value="" xpath="//rtc_cm:endDate" xpathinput="" xslPath="" Headers="7#@#6" HttpVerb="GET" payload="" input="outputOf(@Query2.7.4)" outputType="String" outputTo="2" nextpage="" xpathOutputType="">
         </Query>
		   <Query id="2.9" type="OSLC" order ="intermediate" value="" xpath="//oslc_cmx:priority/@rdf:resource" xpathinput="" xslPath="" Headers="" HttpVerb="" payload="" 
		 input="outputOf(@Query2)" outputType="Url" outputTo="2.9.1" xpathOutputType="">
         </Query>
		  <Query id="2.9.1" type="OSLC" order ="intermediate" value="" xpath="//dcterms:title" xpathinput="" xslPath="" Headers="7#@#6" HttpVerb="GET" payload="" input="outputOf(@Query2.9)" outputType="String" outputTo="2" nextpage="" xpathOutputType="">
         </Query>
		 
		 </Read>
	
	 <Write>
         <Update>
			<Query id="1" type="OSLC" order="final" value="%s" xpath="" xpathinput="" xslPath="" Headers="" HttpVerb="" payload="replaceFunction(@inputData)" input="" outputType="XML" outputTo="2" nextpage="" xpathOutputType=""/>

			<Query id="2" type="OSLC" order ="intermediate" value="" xpath="//CLMId"  xpathinput="" xslPath="" Headers="" HttpVerb="" payload="" input="outputOf(@Query1)" outputType="Url" outputTo="2.1" nextpage="" xpathOutputType="String">
			</Query>

			<Query id="2.1" type="OSLC" order ="intermediate" value="" xpath="//Iteration/@name"  xpathinput="" xslPath="" Headers="" HttpVerb="" payload="" input="outputOf(@Query1)" outputType="Url" outputTo="2.2.1" nextpage="" xpathOutputType="String">
			</Query>
			
			<Query id="2.2.1" type="OSLC" order ="intermediate" value="" xpath="//Priority/@name"  xpathinput="" xslPath="" Headers="" HttpVerb="" payload="" input="outputOf(@Query1)" outputType="Url" outputTo="3" nextpage="" xpathOutputType="String">
			</Query>

			<!-- <Query id="2.1" type="OSLC" order ="intermediate" value="" xpath="//Priority/@id"  xpathinput="" xslPath="" Headers="" HttpVerb="" payload="" input="outputOf(@Query1)" outputType="Url" outputTo="2.2" nextpage="" xpathOutputType="String">
			</Query>

			<Query id="2.2" type="OSLC" order ="intermediate" value="" xpath="//Iteration/@id"  xpathinput="" xslPath="" Headers="" HttpVerb="" payload="" input="outputOf(@Query1)" outputType="Url" outputTo="2.3" nextpage="" xpathOutputType="String">
			</Query>

			<Query id="2.3" type="OSLC" order ="intermediate" value="" xpath="//ownedBy"  xpathinput="" xslPath="" Headers="" HttpVerb="" payload="" input="outputOf(@Query1)" outputType="Url" outputTo="3" nextpage="" xpathOutputType="String">
			</Query> -->
			
			<Query id="3" type="OSLC" order ="intermediate" value="https://%s/ccm/resource/itemName/com.ibm.team.workitem.WorkItem/%s" xpath="" xpathinput="" xslPath="" Headers="" HttpVerb="" payload="" input="replaceFunction(@servername,@Query2)" outputType="Literal" outputTo="3.1" xpathOutputType="" />

			<Query id="3.1" type="OSLC" order ="intermediate" value="" xpath="" xpathinput="" xslPath="" Headers="" HttpVerb="" payload="" input="concat(https://,@servername,/ccm/oslc/enumerations/,@rtccontextId)" outputType="Literal" outputTo="4" xpathOutputType="" /> 

			<Query id="3.2" type="OSLC" order ="intermediate" value="" xpath="" xpathinput="" xslPath="" Headers="" HttpVerb="" payload="" input="concat(https://,@servername,/ccm/oslc/iterations/,getInputData(//Iteration/@id))" outputType="Literal" outputTo="3.3" xpathOutputType="" /> 

			<Query id="3.3" type="OSLC" order ="intermediate" value="" xpath="" xpathinput="" xslPath="" Headers="" HttpVerb="" payload="" input="concat(https://,@servername,/jts/users/,getInputData(OwnedBy))" outputType="Literal" outputTo="3.4" xpathOutputType="" />

			<Query id="3.4" type="OSLC" order ="intermediate" value="" xpath="" xpathinput="" xslPath="" Headers="" HttpVerb="" payload="" input="concat(@Query3.1,/priority/,getInputData(//Priority/@id))" outputType="Literal" outputTo="4" xpathOutputType="" />

			<!-- <Query id="3.5" type="OSLC" order ="intermediate" value="" xpath="" xpathinput="" xslPath="" Headers="" HttpVerb="" payload="" input="concat(@Query3.1,/severity/,getInputData(//Severity/@id))" outputType="Literal" outputTo="4" xpathOutputType="" /> -->

			<!-- <Query id="3.2" type="OSLC" order ="intermediate" value="" xpath="" xpathinput="" xslPath="" Headers="" HttpVerb="" payload="" input="concat(priority)" outputType="Literal" outputTo="3.4" xpathOutputType="" /> 	 -->

			<!-- <Query id="3.3" type="OSLC" order ="intermediate" value="https://%s/ccm/oslc/enumerations/%s/%s" xpath="//rtc_cm:Literal[dc:title='%s']/dc:identifier" input="replaceFunction(@servername,@rtccontextId,@Query3.2)" xslPath="" Headers="1#@#8" HttpVerb="GET" payload="" outputType="String" outputTo="3.4" nextpage="" xpathOutputType="String" xpathinput="replaceFunction(@Query2.1)"> -->
			<!-- </Query> -->

			<!-- <Query id="3.4" type="OSLC" order ="intermediate" value="https://%s/ccm/oslc/iterations/%s" xpath="" xpathinput="" xslPath="" Headers="" HttpVerb="" payload="" input="replaceFunction(@servername,@Query2.2)" outputType="Literal" outputTo="3.5" xpathOutputType="" />   -->

			<!-- <Query id="3.5" type="OSLC" order ="intermediate" value="https://%s/jts/users/%s" xpath="" xpathinput="" xslPath="" Headers="" HttpVerb="" payload="" input="replaceFunction(@servername,@Query2.3)" outputType="Literal" outputTo="4" xpathOutputType="" />   -->

			<Query id="4" type="OSLC" order="first" value="" xpath="" xpathinput="" xslPath="" Headers="" HttpVerb="" payload="C:/IDC/yatin.chaudhari/Yatin_EWS_FDS_1_3/GenericConnector/GC_Config/config/ESBPayloads/task_Sample_Payload.xml" input="" outputType="XML" outputTo="5" xpathOutputType="">

				<Property Order="1" propertName="rtc_cm:plannedFor rdf:resource" comparisonOperator="ADDINTAG.RemoveIfEmpty" value="concat(https://,@servername,/ccm/oslc/iterations/,getInputData(//Iteration/@id))" Group="" Operator="AND"  />

				<Property Order="2" propertName="dcterms:description" comparisonOperator="ADDINTAG.RemoveIfEmpty" value="concat(getInputData(Description))" Group="" Operator="AND"  />

				<Property Order="3" propertName="rtc_cm:correctedEstimate" comparisonOperator="ADDINTAG.RemoveIfEmpty" value="concat(getInputData(CorrectedEstimate))" Group="" Operator="AND"/>

				<Property Order="4" propertName="rtc_cm:estimate" comparisonOperator="ADDINTAG.RemoveIfEmpty" value="concat(getInputData(Estimate))" Group="" Operator="AND"/>

				<Property Order="5" propertName="dcterms:contributor rdf:resource" comparisonOperator="ADDINTAG.RemoveIfEmpty" value="concat(https://,@servername,/jts/users/,getInputData(OwnedBy))" Group="" Operator="AND"/>

				<Property Order="6" propertName="oslc_cmx:priority rdf:resource" comparisonOperator="ADDINTAG.RemoveIfEmpty" value="concat(@Query3.1,/priority/,getInputData(//Priority/@id))" Group="" Operator="AND"/>

				<Property Order="7" propertName="rtc_cm:timeSpent" comparisonOperator="ADDINTAG.RemoveIfEmpty" value="getInputData(TimeSpent)" Group="" Operator="AND"/>

				<Property Order="8" propertName="dcterms:title" comparisonOperator="ADDINTAG.RemoveIfEmpty" value="getInputData(Title)" Group="" Operator="AND"/>

			</Query>
			 
			<Query id="5" type="OSLC" order="intermediate" value="%s" xpath="" xpathinput="" xslPath="F:/IDC/Vivek/CMMI/eclipseWKSP/RTC_Iterations_csv.xsl" Headers="7#@#8" HttpVerb="PUT" payload="outputOf(@Query4)" input="outputOf(@Query3)" outputType="String" outputTo="5.1" xpathOutputType="" >
			</Query>

			<Query id="5.1" type="OSLC" order ="intermediate" value="outputOf(@Query2)" xpath="" xpathinput="" xslPath="" Headers="" HttpVerb="" payload="" input="" outputType="String" outputTo="5.2" xpathOutputType=""> 
				<Workflow id="1" method="validateWorkItem" class="com.acn.adt.common.validation.InflowValidator" arguments="'SUCCESS',@Query5" returnType="Boolean" />
			</Query>

			<Query id="5.2" type="OSLC" order ="intermediate" value="outputOf(@Query2)" xpath="" xpathinput="" xslPath="" Headers="" HttpVerb="" payload="" input="" outputType="String" outputTo="6" xpathOutputType=""> 
				<Workflow id="1" method="validateWorkItemName" class="com.acn.adt.common.validation.InflowValidator" arguments="@Query2.1,@Query2" returnType="Boolean" />
			</Query>

			<Query id="6" type="OSLC" order ="final" value="%s" xpath=""  xpathinput="" xslPath="" Headers="" HttpVerb="" payload="replaceFunction(@inputData)" input="" outputType="XML" outputTo="" nextpage="" xpathOutputType="">
				<Property Order="1" propertName="Status" comparisonOperator="CREATETAG" value="outputOf(@Query5)"  replacepropertValue="" Group="" Operator="" parentTag="" replaceparentTag="" />
			</Query> 
			 
        </Update>
        <Create>
            <Query id="1" type="OSLC" order="first" value="" xpath="" xpathinput="" xslPath="" Headers="" HttpVerb="" payload="C:/IDC/Amit/GenericConnectorWorkspace/config/selfHealingPayload_Create_Task.xml" input="" outputType="XML" outputTo="2" xpathOutputType="">
				<Property Order="1" propertName="dcterms:title" comparisonOperator="ADDINTAG" value="getInputData(Title)" Group="" Operator="AND"/>
			</Query>
			
            <Query id="2" type="OSLC" order="intermediate" value="https://%s/ccm/oslc/contexts/%s/workitems/%s" xpath="" xpathinput="" xslPath="F:/IDC/Vivek/CMMI/eclipseWKSP/RTC_Iterations_csv.xsl" Headers="7#@#3#@#6" HttpVerb="POST" payload="outputOf(@Query1)" input="replaceFunction(@servername,@rtccontextId,@workItemTypeId)" outputType="String" outputTo="3" xpathOutputType="" />
            
			<Query id="3" type="OSLC" order="final" value="%s" xpath="" xpathinput="" xslPath="" Headers="" HttpVerb="" payload="replaceFunction(@inputData)" input="" outputType="XML" outputTo="3.1#@#3.2" nextpage="" xpathOutputType="">
				<Property Order="1" propertName="Url" comparisonOperator="CREATETAG" value="outputOf(@Query2)" replacepropertValue="" Group="" Operator="" parentTag="" replaceparentTag="" />
			    <Property Order="2" propertName="Status" comparisonOperator="CREATETAG" value="outputOf(@Query3.1)" replacepropertValue="" Group="" Operator="" parentTag="" replaceparentTag="" />
			    <!-- <Property Order="4" propertName="Status" comparisonOperator="CREATETAG" value="outputOf(@Query3.1)" replacepropertValue="" Group="" Operator="" parentTag="Workitem" replaceparentTag="" /> -->
				<Property Order="3" propertName="Url" comparisonOperator="ADDINTAG" value="outputOf(@Query3.2)" replacepropertValue="" Group="" Operator="" parentTag="" replaceparentTag="" />
			    <Property Order="5" propertName="CLMId" comparisonOperator="ADDINTAG" value="outputOf(@Query3.3)" replacepropertValue="" Group="" Operator="" parentTag="" replaceparentTag="" />
            </Query>
			<Query id="3.1" type="OSLC" order ="intermediate" value="" xpath="replace(//Url, '\-(.*)','')"  xpathinput="" xslPath="" Headers="" HttpVerb="" payload="" input="outputOf(@Query3)" outputType="Url" outputTo="3" nextpage="" xpathOutputType="String">
			</Query>
			<Query id="3.2" type="OSLC" order ="intermediate" value="" xpath="replace(//Url, '^.*-','')"  xpathinput="" xslPath="" Headers="" HttpVerb="" payload="" input="outputOf(@Query3)" outputType="Url" outputTo="3.3" nextpage="" xpathOutputType="String">
			</Query>
			<Query id="3.3" type="OSLC" order ="intermediate" value="" xpath="replace(//Url, '^.*/','')"  xpathinput="" xslPath="" Headers="" HttpVerb="" payload="" input="outputOf(@Query3)" outputType="Url" outputTo="3" nextpage="" xpathOutputType="String">
            </Query>
		</Create>
		 
      </Write>
	</Entity>
	

	<Headers>
      <Header id="1" name="Accept" value="application/xml" />
	  <Header id="2" name="Accept" value="application/json" />
      <Header id="3" name="Content-type" value="application/xml" />
      <Header id="4" name="Authorization" value="Bearer" />
      <Header id="5" name="Content-type" value="application/json" />
	  <Header id="6" name="OSLC-Core-Version" value="2.0" />
	  <Header id="7" name="Accept" value="application/rdf+xml" />
	  <Header id="8" name="Content-type" value="application/rdf+xml" />
   </Headers>
</Details>