<?xml version="1.0" encoding="UTF-8"?>
<!-- Design Considerations &amp; Constraints 1. Reader: Pulls Inforamation out 
	of the Delivery/External Tool and push it to myWizard. 2. Writer: Gets Inforamation 
	coming out of the myWizard and push it to the Delivery/External Tool. -->
<DataProvider DataProviderUId="00010000-0000-0000-0000-000000000000" Name="CLM-6.0.2" Version="1.0" HelpUrl="google.com" protectedBy="1">
  <Tool ToolUId="00000001-0000-0000-0000-000000000000" Name="CLM" Version="6.0.2" ToolCategory="ChangeConfigurationManagement">
   <ToolInstances>
    <ToolInstance ToolInstanceUId="01" Name="CLM_Dev"  URL="https://vw000486clm1.accenture.com" IsClientInstance="No" SupportEmail="" HelpUrl="" authProvider="3">
		<WorkAreas>
         <WorkArea Id="01" WorkAreaType="ProjectArea" Name="FPM_PA" NativeUId="_FxiV8Et6Eeev8sJRLGTkfg" application="ccm">			
               <Entities>
                  <Entity Id="1" NativeName="ADTDefect" mapEntityName="mywizard-defect"  active="false" read="false" write="true">
                  </Entity>
           
               </Entities>
         </WorkArea>
		 
		 <WorkArea Id="03" WorkAreaType="ProjectArea" Name="Child_Agile1.1.1" NativeUId="_HhEs8HXXEeeF0fpZweWWGQ" application="ccm">		 
               <Entities>
				<Entity Id="3" NativeName="ADTStory" mapEntityName="story" active="true" read="true" write="true">
                </Entity>
				<Entity Id="4" NativeName="Iteration" mapEntityName="iteration" active="true" read="true" write="false">
                </Entity>
				<Entity Id="5" NativeName="TeamArea" mapEntityName="teamArea" active="true" read="true" write="false">
                </Entity>				 
               </Entities>
         </WorkArea>         
		</WorkAreas>
	</ToolInstance>
	
   </ToolInstances>
  </Tool>
  
  <WorkItems>
      <WorkItemEntity EntityID="1" EntityUID="defect" mapEntityName="Defect" NativeName="ADTDefect" type="outbound">
         <EntityReader>
            <Connectors>
			   <Connector Name="Accenture.ADT.MyWizard.RTCDataProvider" TypeName="Accenture.ADT.MyWizard.RTCDataProvider, Accenture.ADT.MyWizard.Generic.Connectors, Version=1.0.0.0, Culture=neutral, PublicKeyToken=31bf3856ad364e35">
                  <Providers>
                     <Provider ConnectorUId="" Name="RTCAgile-Story-RESTService01" Type="RESTService" TypeName="">
                        <ProviderTransformer Name="" Type="Default" InputFormat="JSON" OutputFormat="XML" TypeName="" />
						 <Filters> 
							<Filter Order="1" PropertName="LastModified" ComparisonOperator="GREATER THAN" Value="2016-09-10T03:10:28.000Z" Group="" Operator="" />
						</Filters>
                     </Provider>
                  </Providers>
                  <Filters>
                     <Filter Order="1" PropertName="AssignedTo" ComparisonOperator="LIKE" Value="@accenture.com" Group="" Operator="" />
                     <Filter Order="2" PropertName="Status" ComparisonOperator="=" Value="Completed" Group="" Operator="AND" />
                  </Filters>
               </Connector>
            </Connectors>
            <!-- RuleProcessor Input Transformer -->
            <EntityTransformer Name="RuleInputTransformer" Type="XSLT" InputFormat="XML" OutputFormat="XML" TypeName="XSLTransformer" Path="C:\Users\rishi.b.sharma\myWizard-Agile\Story\ADT-Story.xslt" IsRequired="true" />
            <Subscribers>
               <Subscriber Name="ToolGateway" Type="RESTService">
                  <RESTService Name="ToolGateway" ServiceUrl="https://mywizardesbapi.ciostage.accenture.com" ResourceUrl="/ESBIns1?SourceId=SNOW001&amp;Function=Incident&amp;Action=Create" HttpVerb="POST" AuthProvider="1" OutputFormat="XML">
                     <Headers>
                        <Header Name="Authorization" Value="Bearer {token}" />
                        <Header Name="Content-Type" Value="application/xml" />
                     </Headers>
                  </RESTService>
                  <!--<FileService Name="FileService1" FileName="Defect" path ="C:/IDC/Prabodh/Workspace/yatin.chaudhari/IntegratedCodeOutput" OutputFormat="XML"></FileService>-->
               </Subscriber>
               <Subscriber Name="ToolGateway" Type="FileBasedService">
					<FileService Name="FileService1" FileName="Defect" path ="E:/IDC/OutputData/{ProjId}/{WorkItemType}/" OutputFormat="XML"></FileService>
               </Subscriber>
            </Subscribers>
            <AddonFeatures>
               <AddonFeature Name="AdminErrorNotificationFunctionality" Id="AENF" Active="true">
                  <AddonFeatureProperties>
                     <AddonFeatureProperty Name="TOADDRESS" Type="String">abc@accenture.com</AddonFeatureProperty>
                     <AddonFeatureProperty Name="FROMADDRESS" Type="String">CLMErrorService@accenture.com</AddonFeatureProperty>
                     <AddonFeatureProperty Name="CCADDRESS" Type="String" ></AddonFeatureProperty>
                     <AddonFeatureProperty Name="CSVDIRPATH" Type="String">C:/myWIzrad/myWizard-CLM-Errors</AddonFeatureProperty>
                     <AddonFeatureProperty Name="PORT" Type="int">25</AddonFeatureProperty>
                     <AddonFeatureProperty Name="MAILSERVER" Type="String">amr.smtp.accenture.com</AddonFeatureProperty>
					  <AddonFeatureProperty Name="SENDMAIL" Type="String">true</AddonFeatureProperty>
                  </AddonFeatureProperties>
               </AddonFeature>
               <AddonFeature Name="RetryLogic" Id="RTL" Active="true">
                  <AddonFeatureProperties>
                     <AddonFeatureProperty Name="REATTEMPT" Type="int">4</AddonFeatureProperty>
                  </AddonFeatureProperties>
               </AddonFeature>
               <AddonFeature Name="ArchivalLogic" Id="ARCL" Active="true">
                  <AddonFeatureProperties>
                     <AddonFeatureProperty Name="SUCCESSTHRESHOLD" Type="int">7</AddonFeatureProperty>
                     <AddonFeatureProperty Name="FAILURETHRESHOLD" Type="int">7</AddonFeatureProperty>
                  </AddonFeatureProperties>
               </AddonFeature>
            </AddonFeatures>
         </EntityReader>
         <EntityWriter BatchSize="1000" Synchronous="true">
			<Publishers>
               <Publisher Name="Name" Type="FileBasedService">
					<FileService Name="FileService1" FileName="Defect" path ="E:/IDC/OutputData/{ProjId}/{WorkItemType}/" OutputFormat="XML"></FileService>
               </Publisher>
            </Publishers>
			<!-- Subscribers for this data provider's data. Currently 2 are supported Rest based and File based. -->
			<Subscribers>
               <Subscriber Name="ToolGateway" Type="RESTService">
                  <RESTService Name="ToolGateway" ServiceUrl="https://mywizardesbapi.ciostage.accenture.com" ResourceUrl="/ESBIns1?SourceId=SNOW001&amp;Function=Incident&amp;Action=Create" HttpVerb="POST" AuthProvider="1" OutputFormat="XML">
                     <Headers>
                        <Header Name="Authorization" Value="Bearer {token}" />
                        <Header Name="Content-Type" Value="application/xml" />
                     </Headers>
                  </RESTService>
               </Subscriber>
               <Subscriber Name="ToolGateway" Type="FileBasedService">
					<FileService Name="FileService1" FileName="Defect" path ="E:/IDC/OutputData/{ProjId}/{WorkItemType}/" OutputFormat="XML"></FileService>
               </Subscriber>
            </Subscribers>
			<!-- Addon Features for this data provider. Currently 1 is supported: Error notification functionality. -->
			<AddonFeatures>
               <AddonFeature Name="AdminErrorNotificationFunctionality" Id="AENF" Active="true">
                  <AddonFeatureProperties>
                     <AddonFeatureProperty Name="TOADDRESS" Type="String">abc@accenture.com</AddonFeatureProperty>
                     <AddonFeatureProperty Name="FROMADDRESS" Type="String">CLMErrorService@accenture.com</AddonFeatureProperty>
                     <AddonFeatureProperty Name="CCADDRESS" Type="String" ></AddonFeatureProperty>
                     <AddonFeatureProperty Name="CSVDIRPATH" Type="String">C:/myWIzrad/myWizard-CLM-Errors</AddonFeatureProperty>
                     <AddonFeatureProperty Name="PORT" Type="int">25</AddonFeatureProperty>
                     <AddonFeatureProperty Name="MAILSERVER" Type="String">amr.smtp.accenture.com</AddonFeatureProperty>
					  <AddonFeatureProperty Name="SENDMAIL" Type="String">true</AddonFeatureProperty>
                  </AddonFeatureProperties>
               </AddonFeature>
            </AddonFeatures>
         </EntityWriter>
      </WorkItemEntity>
	  
	  <WorkItemEntity EntityID="3" EntityUID="com.ibm.team.apt.workItemType.story" mapEntityName="story" NativeName="ADTStory" type="outbound">
         <EntityReader>
            <Connectors>
               <Connector Name="Accenture.ADT.MyWizard.RTCDataProvider" TypeName="Accenture.ADT.MyWizard.RTCDataProvider, Accenture.ADT.MyWizard.Generic.Connectors, Version=1.0.0.0, Culture=neutral, PublicKeyToken=31bf3856ad364e35">
                  <Providers>
                     <Provider ConnectorUId="" Name="RTCAgile-Story-RESTService01" Type="RESTService" TypeName="">
                        <ProviderTransformer Name="" Type="Default" InputFormat="JSON" OutputFormat="XML" TypeName="" />
						 <Filters> 
							<Filter Order="1" PropertName="LastModified" ComparisonOperator="GREATER THAN" Value="2016-09-10T03:10:28.000Z" Group="" Operator="" />
						</Filters>
                     </Provider>
                  </Providers>
                  <Filters>
                     <Filter Order="1" PropertName="AssignedTo" ComparisonOperator="LIKE" Value="@accenture.com" Group="" Operator="" />
                     <Filter Order="2" PropertName="Status" ComparisonOperator="=" Value="Completed" Group="" Operator="AND" />
                  </Filters>
               </Connector>
            </Connectors>
            <!-- RuleProcessor Input Transformer -->
            <EntityTransformer Name="RuleInputTransformer" Type="XSLT" InputFormat="XML" OutputFormat="XML" TypeName="XSLTransformer" Path="C:\Users\rishi.b.sharma\myWizard-Agile\Story\ADT-Story.xslt" IsRequired="true" />
            <Subscribers>
               <Subscriber Name="ToolGateway" Type="RESTService">
                  <RESTService Name="ToolGateway" ServiceUrl="https://mywizardesbapi.ciostage.accenture.com" ResourceUrl="/ESBIns1?SourceId=SNOW001&amp;Function=Incident&amp;Action=Create" HttpVerb="POST" AuthProvider="1" OutputFormat="XML">
                     <Headers>
                        <Header Name="Authorization" Value="Bearer {token}" />
                        <Header Name="Content-Type" Value="application/xml" />
                     </Headers>
                  </RESTService>
                  <!--<FileService Name="FileService1" FileName="Defect" path ="C:/IDC/Prabodh/Workspace/yatin.chaudhari/IntegratedCodeOutput" OutputFormat="XML"></FileService>-->
               </Subscriber>
               <Subscriber Name="ToolGateway" Type="FileBasedService">
					<!--<RESTService Name="ToolGateway" ServiceUrl="https://mywizardesbapi.ciostage.accenture.com" ResourceUrl="/ESBIns1?SourceId=SNOW001&amp;Function=Incident&amp;Action=Create" HttpVerb="POST" AuthProvider="1" OutputFormat="JSON">
						<Headers>
						   <Header Name="Authorization" Value="Bearer {token}" />
						   <Header Name="Content-Type" Value="application/xml" />
						</Headers>
					</RESTService>-->
					<FileService Name="FileService1" FileName="Story" path ="E:/IDC/OutputData/{ProjId}/{WorkItemType}/" OutputFormat="XML"></FileService>
               </Subscriber>
            </Subscribers>
            <AddonFeatures>
               <AddonFeature Name="AdminErrorNotificationFunctionality" Id="AENF" Active="true">
                  <AddonFeatureProperties>
                     <AddonFeatureProperty Name="TOADDRESS" Type="String">abc@accenture.com</AddonFeatureProperty>
                     <AddonFeatureProperty Name="FROMADDRESS" Type="String">CLMErrorService@accenture.com</AddonFeatureProperty>
                     <AddonFeatureProperty Name="CCADDRESS" Type="String" ></AddonFeatureProperty>
                     <AddonFeatureProperty Name="CSVDIRPATH" Type="String">C:/myWIzrad/myWizard-CLM-Errors</AddonFeatureProperty>
                     <AddonFeatureProperty Name="PORT" Type="int">25</AddonFeatureProperty>
                     <AddonFeatureProperty Name="MAILSERVER" Type="String">amr.smtp.accenture.com</AddonFeatureProperty>
					  <AddonFeatureProperty Name="SENDMAIL" Type="String">true</AddonFeatureProperty>
                  </AddonFeatureProperties>
               </AddonFeature>
               <AddonFeature Name="RetryLogic" Id="RTL" Active="true">
                  <AddonFeatureProperties>
                     <AddonFeatureProperty Name="REATTEMPT" Type="int">4</AddonFeatureProperty>
                  </AddonFeatureProperties>
               </AddonFeature>
               <AddonFeature Name="ArchivalLogic" Id="ARCL" Active="true">
                  <AddonFeatureProperties>
                     <AddonFeatureProperty Name="SUCCESSTHRESHOLD" Type="int">7</AddonFeatureProperty>
                     <AddonFeatureProperty Name="FAILURETHRESHOLD" Type="int">7</AddonFeatureProperty>
                  </AddonFeatureProperties>
               </AddonFeature>
            </AddonFeatures>
         </EntityReader>
         <EntityWriter BatchSize="1000" Synchronous="true">
			<Publishers>
               <Publisher Name="Name" Type="FileBasedService">
					<FileService Name="FileService1" FileName="Story_{timestamp}" path ="E:/IDC/OutputData/{ProjId}/{WorkItemType}/Publisher" OutputFormat="XML"></FileService>
               </Publisher>
            </Publishers>
			<!-- Subscribers for this data provider's data. Currently 2 are supported Rest based and File based. -->
			<Subscribers>
               <Subscriber Name="ToolGateway" Type="RESTService">
                  <RESTService Name="ToolGateway" ServiceUrl="https://mywizardesbapi.ciostage.accenture.com" ResourceUrl="/ESBIns1?SourceId=SNOW001&amp;Function=Incident&amp;Action=Create" HttpVerb="POST" AuthProvider="1" OutputFormat="XML">
                     <Headers>
                        <Header Name="Authorization" Value="Bearer {token}" />
                        <Header Name="Content-Type" Value="application/xml" />
                     </Headers>
                  </RESTService>
               </Subscriber>
               <Subscriber Name="ToolGateway" Type="FileBasedService">
					<FileService Name="FileService1" FileName="Story_{timestamp}" path ="E:/IDC/OutputData/{ProjId}/{WorkItemType}/Response" OutputFormat="XML"></FileService>
               </Subscriber>
            </Subscribers>
			<!-- Addon Features for this data provider. Currently 1 is supported: Error notification functionality. -->
			<AddonFeatures>
               <AddonFeature Name="AdminErrorNotificationFunctionality" Id="AENF" Active="true">
                  <AddonFeatureProperties>
                     <AddonFeatureProperty Name="TOADDRESS" Type="String">abc@accenture.com</AddonFeatureProperty>
                     <AddonFeatureProperty Name="FROMADDRESS" Type="String">CLMErrorService@accenture.com</AddonFeatureProperty>
                     <AddonFeatureProperty Name="CCADDRESS" Type="String" ></AddonFeatureProperty>
                     <AddonFeatureProperty Name="CSVDIRPATH" Type="String">C:/myWIzrad/myWizard-CLM-Errors</AddonFeatureProperty>
                     <AddonFeatureProperty Name="PORT" Type="int">25</AddonFeatureProperty>
                     <AddonFeatureProperty Name="MAILSERVER" Type="String">amr.smtp.accenture.com</AddonFeatureProperty>
					  <AddonFeatureProperty Name="SENDMAIL" Type="String">true</AddonFeatureProperty>
                  </AddonFeatureProperties>
               </AddonFeature>
            </AddonFeatures>
         </EntityWriter>
      </WorkItemEntity>
	  
      <WorkItemEntity EntityID="4" EntityUID="native_Iteration" mapEntityName="iteration" NativeName="Iteration" type="outbound">
         <EntityReader>
            <Connectors>
               <Connector Name="Accenture.ADT.MyWizard.RTCDataProvider" TypeName="Accenture.ADT.MyWizard.RTCDataProvider, Accenture.ADT.MyWizard.Generic.Connectors, Version=1.0.0.0, Culture=neutral, PublicKeyToken=31bf3856ad364e35">
                  <Providers>
                     <Provider ConnectorUId="" Name="RTCAgile-Story-RESTService01" Type="RESTService" TypeName="">
                        <ProviderTransformer Name="" Type="Default" InputFormat="JSON" OutputFormat="XML" TypeName="" />
						 <Filters> 
							<Filter Order="1" PropertName="LastModified" ComparisonOperator="GREATER THAN" Value="2016-09-10T03:10:28.000Z" Group="" Operator="" />
						</Filters>
                     </Provider>
                  </Providers>
                  <Filters>
                     <Filter Order="1" PropertName="AssignedTo" ComparisonOperator="LIKE" Value="@accenture.com" Group="" Operator="" />
                     <Filter Order="2" PropertName="Status" ComparisonOperator="=" Value="Completed" Group="" Operator="AND" />
                  </Filters>
               </Connector>
            </Connectors>
            <!-- RuleProcessor Input Transformer -->
            <EntityTransformer Name="RuleInputTransformer" Type="XSLT" InputFormat="XML" OutputFormat="XML" TypeName="XSLTransformer" Path="C:\Users\rishi.b.sharma\myWizard-Agile\Story\ADT-Story.xslt" IsRequired="true" />
            <Subscribers>
               <Subscriber Name="ToolGateway" Type="RESTService">
                  <RESTService Name="ToolGateway" ServiceUrl="https://mywizardesbapi.ciostage.accenture.com" ResourceUrl="/ESBIns1?SourceId=SNOW001&amp;Function=Incident&amp;Action=Create" HttpVerb="POST" AuthProvider="1" OutputFormat="XML">
                     <Headers>
                        <Header Name="Authorization" Value="Bearer {token}" />
                        <Header Name="Content-Type" Value="application/xml" />
                     </Headers>
                  </RESTService>
                  
               </Subscriber>
               <Subscriber Name="ToolGateway" Type="FileBasedService">
					
					<FileService Name="FileService1" FileName="Iteration" path ="E:/IDC/OutputData/{ProjId}/{WorkItemType}/" OutputFormat="XML"></FileService>
               </Subscriber>
            </Subscribers>
            <AddonFeatures>
               <AddonFeature Name="AdminErrorNotificationFunctionality" Id="AENF" Active="true">
                  <AddonFeatureProperties>
                     <AddonFeatureProperty Name="TOADDRESS" Type="String">abc@accenture.com</AddonFeatureProperty>
                     <AddonFeatureProperty Name="FROMADDRESS" Type="String">CLMErrorService@accenture.com</AddonFeatureProperty>
                     <AddonFeatureProperty Name="CCADDRESS" Type="String" ></AddonFeatureProperty>
                     <AddonFeatureProperty Name="CSVDIRPATH" Type="String">C:/myWIzrad/myWizard-CLM-Errors</AddonFeatureProperty>
                     <AddonFeatureProperty Name="PORT" Type="int">25</AddonFeatureProperty>
                     <AddonFeatureProperty Name="MAILSERVER" Type="String">amr.smtp.accenture.com</AddonFeatureProperty>
					  <AddonFeatureProperty Name="SENDMAIL" Type="String">true</AddonFeatureProperty>
                  </AddonFeatureProperties>
               </AddonFeature>
               <AddonFeature Name="RetryLogic" Id="RTL" Active="true">
                  <AddonFeatureProperties>
                     <AddonFeatureProperty Name="REATTEMPT" Type="int">4</AddonFeatureProperty>
                  </AddonFeatureProperties>
               </AddonFeature>
               <AddonFeature Name="ArchivalLogic" Id="ARCL" Active="true">
                  <AddonFeatureProperties>
                     <AddonFeatureProperty Name="SUCCESSTHRESHOLD" Type="int">7</AddonFeatureProperty>
                     <AddonFeatureProperty Name="FAILURETHRESHOLD" Type="int">7</AddonFeatureProperty>
                  </AddonFeatureProperties>
               </AddonFeature>
            </AddonFeatures>
         </EntityReader>
         <EntityWriter BatchSize="1000" Synchronous="true">
			<Publishers>
               <Publisher Name="Name" Type="FileBasedService">
					<FileService Name="FileService1" FileName="Iteration_{timestamp}" path ="E:/IDC/OutputData/{ProjId}/{WorkItemType}/" OutputFormat="XML"></FileService>
               </Publisher>
            </Publishers>
			<!-- Subscribers for this data provider's data. Currently 2 are supported Rest based and File based. -->
			<Subscribers>
               <Subscriber Name="ToolGateway" Type="RESTService">
                  <RESTService Name="ToolGateway" ServiceUrl="https://mywizardesbapi.ciostage.accenture.com" ResourceUrl="/ESBIns1?SourceId=SNOW001&amp;Function=Incident&amp;Action=Create" HttpVerb="POST" AuthProvider="1" OutputFormat="XML">
                     <Headers>
                        <Header Name="Authorization" Value="Bearer {token}" />
                        <Header Name="Content-Type" Value="application/xml" />
                     </Headers>
                  </RESTService>
               </Subscriber>
               <Subscriber Name="ToolGateway" Type="FileBasedService">
					<FileService Name="FileService1" FileName="Iteration_{timestamp}" path ="E:/IDC/OutputData/{ProjId}/{WorkItemType}/" OutputFormat="XML"></FileService>
               </Subscriber>
            </Subscribers>
			<!-- Addon Features for this data provider. Currently 1 is supported: Error notification functionality. -->
			<AddonFeatures>
               <AddonFeature Name="AdminErrorNotificationFunctionality" Id="AENF" Active="true">
                  <AddonFeatureProperties>
                     <AddonFeatureProperty Name="TOADDRESS" Type="String">abc@accenture.com</AddonFeatureProperty>
                     <AddonFeatureProperty Name="FROMADDRESS" Type="String">CLMErrorService@accenture.com</AddonFeatureProperty>
                     <AddonFeatureProperty Name="CCADDRESS" Type="String" ></AddonFeatureProperty>
                     <AddonFeatureProperty Name="CSVDIRPATH" Type="String">C:/myWIzrad/myWizard-CLM-Errors</AddonFeatureProperty>
                     <AddonFeatureProperty Name="PORT" Type="int">25</AddonFeatureProperty>
                     <AddonFeatureProperty Name="MAILSERVER" Type="String">amr.smtp.accenture.com</AddonFeatureProperty>
					  <AddonFeatureProperty Name="SENDMAIL" Type="String">true</AddonFeatureProperty>
                  </AddonFeatureProperties>
               </AddonFeature>
            </AddonFeatures>
         </EntityWriter>
      </WorkItemEntity>

      <WorkItemEntity EntityID="5" EntityUID="native_TeamArea" mapEntityName="teamArea" NativeName="TeamArea" type="outbound">
         <EntityReader>
            <Connectors>
               <Connector Name="Accenture.ADT.MyWizard.RTCDataProvider" TypeName="Accenture.ADT.MyWizard.RTCDataProvider, Accenture.ADT.MyWizard.Generic.Connectors, Version=1.0.0.0, Culture=neutral, PublicKeyToken=31bf3856ad364e35">
                  <Providers>
                     <Provider ConnectorUId="" Name="RTCAgile-Story-RESTService01" Type="RESTService" TypeName="">
                        <ProviderTransformer Name="" Type="Default" InputFormat="JSON" OutputFormat="XML" TypeName="" />
						 <Filters> 
							<Filter Order="1" PropertName="LastModified" ComparisonOperator="GREATER THAN" Value="2016-09-10T03:10:28.000Z" Group="" Operator="" />
						</Filters>
                     </Provider>
                  </Providers>
                  <Filters>
                     <Filter Order="1" PropertName="AssignedTo" ComparisonOperator="LIKE" Value="@accenture.com" Group="" Operator="" />
                     <Filter Order="2" PropertName="Status" ComparisonOperator="=" Value="Completed" Group="" Operator="AND" />
                  </Filters>
               </Connector>
            </Connectors>
            <!-- RuleProcessor Input Transformer -->
            <EntityTransformer Name="RuleInputTransformer" Type="XSLT" InputFormat="XML" OutputFormat="XML" TypeName="XSLTransformer" Path="C:\Users\rishi.b.sharma\myWizard-Agile\Story\ADT-Story.xslt" IsRequired="true" />
            <Subscribers>
               <Subscriber Name="ToolGateway" Type="RESTService">
                  <RESTService Name="ToolGateway" ServiceUrl="https://mywizardesbapi.ciostage.accenture.com" ResourceUrl="/ESBIns1?SourceId=SNOW001&amp;Function=Incident&amp;Action=Create" HttpVerb="POST" AuthProvider="1" OutputFormat="XML">
                     <Headers>
                        <Header Name="Authorization" Value="Bearer {token}" />
                        <Header Name="Content-Type" Value="application/xml" />
                     </Headers>
                  </RESTService>
                 
               </Subscriber>
               <Subscriber Name="ToolGateway" Type="FileBasedService">
					
					<FileService Name="FileService1" FileName="TeamArea_{timestamp}" path ="E:/IDC/OutputData/{ProjId}/{WorkItemType}/" OutputFormat="XML"></FileService>
               </Subscriber>
            </Subscribers>
            <AddonFeatures>
               <AddonFeature Name="AdminErrorNotificationFunctionality" Id="AENF" Active="true">
                  <AddonFeatureProperties>
                     <AddonFeatureProperty Name="TOADDRESS" Type="String">abc@accenture.com</AddonFeatureProperty>
                     <AddonFeatureProperty Name="FROMADDRESS" Type="String">CLMErrorService@accenture.com</AddonFeatureProperty>
                     <AddonFeatureProperty Name="CCADDRESS" Type="String" ></AddonFeatureProperty>
                     <AddonFeatureProperty Name="CSVDIRPATH" Type="String">C:/myWIzrad/myWizard-CLM-Errors</AddonFeatureProperty>
                     <AddonFeatureProperty Name="PORT" Type="int">25</AddonFeatureProperty>
                     <AddonFeatureProperty Name="MAILSERVER" Type="String">amr.smtp.accenture.com</AddonFeatureProperty>
					  <AddonFeatureProperty Name="SENDMAIL" Type="String">true</AddonFeatureProperty>
                  </AddonFeatureProperties>
               </AddonFeature>
               <AddonFeature Name="RetryLogic" Id="RTL" Active="true">
                  <AddonFeatureProperties>
                     <AddonFeatureProperty Name="REATTEMPT" Type="int">4</AddonFeatureProperty>
                  </AddonFeatureProperties>
               </AddonFeature>
               <AddonFeature Name="ArchivalLogic" Id="ARCL" Active="true">
                  <AddonFeatureProperties>
                     <AddonFeatureProperty Name="SUCCESSTHRESHOLD" Type="int">7</AddonFeatureProperty>
                     <AddonFeatureProperty Name="FAILURETHRESHOLD" Type="int">7</AddonFeatureProperty>
                  </AddonFeatureProperties>
               </AddonFeature>
            </AddonFeatures>
         </EntityReader>
         <EntityWriter BatchSize="1000" Synchronous="true">
			<Publishers>
               <Publisher Name="Name" Type="FileBasedService">
					<FileService Name="FileService1" FileName="TeamArea_{timestamp}" path ="E:/IDC/OutputData/{ProjId}/{WorkItemType}/" OutputFormat="XML"></FileService>
               </Publisher>
            </Publishers>
			<!-- Subscribers for this data provider's data. Currently 2 are supported Rest based and File based. -->
			<Subscribers>
               <Subscriber Name="ToolGateway" Type="RESTService">
                  <RESTService Name="ToolGateway" ServiceUrl="https://mywizardesbapi.ciostage.accenture.com" ResourceUrl="/ESBIns1?SourceId=SNOW001&amp;Function=Incident&amp;Action=Create" HttpVerb="POST" AuthProvider="1" OutputFormat="XML">
                     <Headers>
                        <Header Name="Authorization" Value="Bearer {token}" />
                        <Header Name="Content-Type" Value="application/xml" />
                     </Headers>
                  </RESTService>
               </Subscriber>
               <Subscriber Name="ToolGateway" Type="FileBasedService">
					<FileService Name="FileService1" FileName="TeamArea_{timestamp}" path ="E:/IDC/OutputData/{ProjId}/{WorkItemType}/" OutputFormat="XML"></FileService>
               </Subscriber>
            </Subscribers>
			<!-- Addon Features for this data provider. Currently 1 is supported: Error notification functionality. -->
			<AddonFeatures>
               <AddonFeature Name="AdminErrorNotificationFunctionality" Id="AENF" Active="true">
                  <AddonFeatureProperties>
                     <AddonFeatureProperty Name="TOADDRESS" Type="String">abc@accenture.com</AddonFeatureProperty>
                     <AddonFeatureProperty Name="FROMADDRESS" Type="String">CLMErrorService@accenture.com</AddonFeatureProperty>
                     <AddonFeatureProperty Name="CCADDRESS" Type="String" ></AddonFeatureProperty>
                     <AddonFeatureProperty Name="CSVDIRPATH" Type="String">C:/myWIzrad/myWizard-CLM-Errors</AddonFeatureProperty>
                     <AddonFeatureProperty Name="PORT" Type="int">25</AddonFeatureProperty>
                     <AddonFeatureProperty Name="MAILSERVER" Type="String">amr.smtp.accenture.com</AddonFeatureProperty>
					  <AddonFeatureProperty Name="SENDMAIL" Type="String">true</AddonFeatureProperty>
                  </AddonFeatureProperties>
               </AddonFeature>
            </AddonFeatures>
         </EntityWriter>
      </WorkItemEntity>	  
   </WorkItems>

   <AuthProviders>
      <AuthProvider AuthProviderUId="1" Name="Client-oAut2.0" Type="OAuthV2" AuthUrl="https://federation-sts-stage.accenture.com/oauth/ls/connect/token" ClientId="TW2IjXSk5rb4VPMUFI5488Y0X7b4HYnR1BJMF7FEnh81=" Secret="zTfsBiOcEQNQmjGO2Lf3mJW4kEPN9zMLIdNzXICjdcw1=" Scope="ocWOlN2Uu4UUL3g1Q+r0ig1==" EncryptionRuleProvider="1" key="isMTwtsSWAJEuWZYlclwSGdADaEYKw5g==" CertificatePath="C:/Token_Signing/tokensigning-stage.accenture.com.cer"/>
      <AuthProvider AuthProviderUId="2" Name="Client-oAut2.0" Type="OAuthV2" AuthUrl="https://federation-sts.accenture.com/oauth/ls/connect/token" ClientId="4yQ0bmhX/ZEAW/D7wUG4944M6cSeH7LZ/AVhEAGsB0o=" Secret="WU8cq7c3tKzl5TLsZNAtEtzhwept/yguEVP1lH2E2Xk=" Scope="6gzhm48F+QdFacn33HFJ/h2Ndq8YdSE6r6TqWFgYEKI=" EncryptionRuleProvider="1"  key="43KhOxNXyNRTR9LzELOnPWWkQKDysfCQ==" CertificatePath="C:/Token_Signing_Prod/tokensigning.accenture.com.cer"/> 
      <AuthProvider AuthProviderUId="3" Name="ccmlogin" Type="WinAuth" AuthUrl="/ccm/authenticated/j_security_check" ClientId="upGfcmTWqlcxZ7W1OSCeHWw==" Secret="4dE26sFGMsh1QG6tXNUrsbw==" Scope="p4MNbQ03D/nAt710V2dFf9eD80bJSJg6rU7opHo98hBU=" EncryptionRuleProvider="1"  key="6spYxmF/MRmzLshTXvvB507LNPxlEqMg==" CertificatePath="C:/Token_Signing/tokensigning-stage.accenture.com.cer"/>
  </AuthProviders>
  
  <Loggers>
      <ApplicationLogger name="Application Logs" type="Application" path="C:\\Generic Connector\\GC_Logs\\" />
      <CallbackLoggers />
      <EventMessageLoggers />
  </Loggers>
  
  
  <Jobs />
</DataProvider>