<?xml version="1.0" encoding="UTF-8"?>
<Details
	xmlns:gqe="http://www.accenture.com/adt/integ/myWizard/gqe-SharePoint"
	xmlns:xsi="http://www.w3.org/2001/XMLSchema-instance"
	xsi:schemaLocation="http://www.accenture.com/adt/integ/myWizard/gqe-SharePoint GenericArguments.xsd ">


	<Entity NativeId="com.ibm.rqm.execution.TestcaseExecutionRecord" EntityId="9" Name="QM_TCER" ContextValue="qm">
	<Read>

	
	<Query id="1" type="OSLC" order ="first" value="https://%s/qm/oslc_qm/contexts/%s/resources/%s?oslc.select=oslc:shortId&amp;oslc.where=dcterms%3Amodified%3E%22%s%3A00%3A00.000Z%22" xpath="//oslc:shortId" input="replaceFunction(@servername,@rqmcontextId,@workItemTypeId,@timeStamp,@endtimeStamp)" xslPath="" Headers="1#@#6" HttpVerb="GET" payload="" outputType="List" outputTo="2" xpathOutputType="NodeList" nextpage="//rdf:RDF/rdf:Description/oslc:nextPage/@rdf:resource">
	<Workflow id="1" method="dbUpdate" class="com.acn.adt.releases.FlaggedItems" arguments="@projectId,'WAIT',@workItemTypeId,@Query1,@fetchTime,@projectUUID,@workItemType" returnType="List" /> 
		  </Query>
		  
		 <Query id="2" type="OSLC" order ="final" value="https://%s/qm/oslc_qm/contexts/%s/resources/%s?oslc.select=oslc:shortId,oslc_qm:runsTestCase,oslc_qm:reportsOnTestPlan,dcterms:relation&amp;oslc.where=oslc:shortId=%s" xpath="" xpathinput="" xslPath="F:/IDC/Vivek/CMMI/eclipseWKSP/RTC_Iterations_csv.xsl" Headers="7#@#6" HttpVerb="GET" payload="" input="replaceFunction(@servername,@rqmcontextId,@workItemTypeId,@Query1)" outputType="XML" outputTo="2.1#@#2.2#@#2.9.1" xpathOutputType="NodeList" >
		 
		<Property Order="1" propertName="TestCaseId" comparisonOperator="CREATETAG" value="outputOf(@Query2.1.1)" Group="" Operator="AND" parentTag="rdf:RDF xmlns:rdf=http://www.w3.org/1999/02/22-rdf-syntax-ns#" replaceparentTag=""/>
		
		<Property Order="2" propertName="Priority" comparisonOperator="CREATETAG" value="outputOf(@Query2.2.1)" Group="" Operator="AND" parentTag="rdf:RDF xmlns:rdf=http://www.w3.org/1999/02/22-rdf-syntax-ns#" replaceparentTag=""/>
		
		 <Property Order="3" propertName="Phase" comparisonOperator="CREATETAG" value="outputOf(@Query2.3.4)" Group="" Operator="AND" parentTag="rdf:RDF xmlns:rdf=http://www.w3.org/1999/02/22-rdf-syntax-ns#" replaceparentTag=""/>
		
		<Property Order="4" propertName="ModifiedDate" comparisonOperator="CREATETAG" value="outputOf(@Query2.4.1)" Group="" Operator="AND" parentTag="rdf:RDF xmlns:rdf=http://www.w3.org/1999/02/22-rdf-syntax-ns#" replaceparentTag=""/>
		
		<Property Order="5" propertName="TestCycle" comparisonOperator="CREATETAG" value="outputOf(@Query2.5.3)" Group="" Operator="AND" parentTag="rdf:RDF xmlns:rdf=http://www.w3.org/1999/02/22-rdf-syntax-ns#" replaceparentTag=""/>
		
		<Property Order="6" propertName="ActualExecDate" comparisonOperator="CREATETAG" value="outputOf(@Query2.6.2)" Group="" Operator="AND" parentTag="rdf:RDF xmlns:rdf=http://www.w3.org/1999/02/22-rdf-syntax-ns#" replaceparentTag=""/>
		
		<Property Order="7" propertName="Result" comparisonOperator="CREATETAG" value="outputOf(@Query2.7.2)" Group="" Operator="AND" parentTag="rdf:RDF xmlns:rdf=http://www.w3.org/1999/02/22-rdf-syntax-ns#" replaceparentTag=""/>
		
		<Property Order="14" propertName="ReleaseId" comparisonOperator="CREATETAG" value="outputOf(@Query2.8.4)" Group="" Operator="AND" parentTag="rdf:RDF xmlns:rdf=http://www.w3.org/1999/02/22-rdf-syntax-ns#" replaceparentTag=""/>
		
		<Property Order="15" propertName="PlannedExecDate" comparisonOperator="CREATETAG" value="outputOf(@Query2.9.2)" Group="" Operator="AND" parentTag="rdf:RDF xmlns:rdf=http://www.w3.org/1999/02/22-rdf-syntax-ns#" replaceparentTag=""/>
		
		
		<Property Order="8" propertName="MessageId" comparisonOperator="CREATETAG" value="methodOf(MessageID)" Group="" Operator="" parentTag="rdf:RDF xmlns:rdf=http://www.w3.org/1999/02/22-rdf-syntax-ns#" replaceparentTag=""/>
		
		<Property Order="9" propertName="MessageTimestamp" comparisonOperator="CREATETAG" value="methodOf(GenerateCurrentTime)" Group="" Operator="" parentTag="rdf:RDF xmlns:rdf=http://www.w3.org/1999/02/22-rdf-syntax-ns#" replaceparentTag=""/>
		 
		<Property Order="10" propertName="sourceSystemId" comparisonOperator="CREATETAG" value="CLM-RQM" Group="" Operator="" parentTag="rdf:RDF xmlns:rdf=http://www.w3.org/1999/02/22-rdf-syntax-ns#" replaceparentTag=""/>
		
		<Property Order="11" propertName="ToolGuid" comparisonOperator="CREATETAG" value="ToolGuid" Group="" Operator="" parentTag="rdf:RDF xmlns:rdf=http://www.w3.org/1999/02/22-rdf-syntax-ns#" replaceparentTag=""/>
		
		<Property Order="12" propertName="AccessLinkUrl" comparisonOperator="CREATETAG" value="https://%s/ccm/web/projects/%s"  replacepropertValue="replaceFunction(@servername,@rqmprojectname)" Group="" Operator="" parentTag="rdf:RDF xmlns:rdf=http://www.w3.org/1999/02/22-rdf-syntax-ns#" replaceparentTag=""/>
		
		<Property Order="13" propertName="hpdpFunction" comparisonOperator="CREATETAG" value="TEST CASE" Group="" Operator="" parentTag="rdf:RDF xmlns:rdf=http://www.w3.org/1999/02/22-rdf-syntax-ns#" replaceparentTag=""/>
		
		</Query>
		
		  <Query id="2.1" type="OSLC" order ="intermediate" value="" xpath="//oslc_qm:runsTestCase/@rdf:resource" xpathinput="" xslPath="" Headers="" HttpVerb="" payload="" input="outputOf(@Query2)" outputType="Url" outputTo="2.1.1" xpathOutputType="NodeList">
         </Query>
		 <Query id="2.1.1" type="OSLC" order ="intermediate" value="" xpath="//oslc_qm:TestCase/oslc:shortId" xpathinput="" xslPath="" Headers="1#@#6" HttpVerb="GET" payload="" input="outputOf(@Query2.1)" outputType="String" outputTo="2" xpathOutputType="NodeList"  nextpage="">
         </Query>
		 
		 
		  <Query id="2.2" type="OSLC" order ="intermediate" value="" xpath="//dcterms:relation/@rdf:resource" xpathinput="" xslPath="" Headers="" HttpVerb="" payload="" input="outputOf(@Query2)" outputType="Url" outputTo="2.2.1#@#2.3.1#@#2.4.1#@#2.6.1#@#2.7.1" xpathOutputType="NodeList" >
         </Query>
		 <Query id="2.2.1" type="OSLC" order ="intermediate" value="" xpath="//ns9:priority" xpathinput="" xslPath="" Headers="1#@#6" HttpVerb="GET" payload="" input="outputOf(@Query2.2)" outputType="String" outputTo="2.2" nextpage="" xpathOutputType="NodeList" >
         </Query>
		 
		 
		 <Query id="2.3.1" type="OSLC" order ="intermediate" value="" xpath="//ns2:executionworkitem/ns2:testplan/@href" xpathinput="" xslPath="" Headers="1#@#6" HttpVerb="GET" payload="" input="outputOf(@Query2.2)" outputType="String" outputTo="2.3.2" xpathOutputType="NodeList">
         </Query>
		  <Query id="2.3.2" type="OSLC" order ="intermediate" value="" xpath="//ns2:testplan/ns2:parentIteration/@*[contains(.,'.com')]" xpathinput="" xslPath="" Headers="1#@#6" HttpVerb="GET" payload="" input="outputOf(@Query2.3.1)" outputType="String" outputTo="2.3.3#@#2.5.3" xpathOutputType="NodeList">
         </Query>
		 <Query id="2.3.3" type="OSLC" order ="intermediate" value="" xpath="//jp:iteration/jp:parent-url" xpathinput="" xslPath="" Headers="1#@#6" HttpVerb="GET" payload="" input="outputOf(@Query2.3.2)" outputType="String" outputTo="2.8.4#@#2.3.4" xpathOutputType="NodeList">
         </Query>
		  <Query id="2.3.4" type="OSLC" order ="intermediate" value="" xpath="//jp:iteration/jp:label" xpathinput="" xslPath="" Headers="1#@#6" HttpVerb="GET" payload="" input="outputOf(@Query2.3.3)" outputType="String" outputTo="2.3.2" nextpage="" xpathOutputType="NodeList">
         </Query>
		  
		 
		 <Query id="2.4.1" type="OSLC" order ="intermediate" value="" xpath="//ns2:executionworkitem//*[local-name()='updated']" xpathinput="" xslPath="" Headers="1#@#6" HttpVerb="GET" payload="" input="outputOf(@Query2.2)" outputType="String" outputTo="2.2" nextpage="" xpathOutputType="NodeList">
         </Query>
		 
		
		 <Query id="2.5.3" type="OSLC" order ="intermediate" value="" xpath="//jp:iteration/jp:label" xpathinput="" xslPath="" Headers="1#@#6" HttpVerb="GET" payload="" input="outputOf(@Query2.3.2)" outputType="String" outputTo="2.2" nextpage="" xpathOutputType="NodeList">
         </Query>
		 
		
		 <Query id="2.6.1" type="OSLC" order ="intermediate" value="https://%s/qm/service/com.ibm.rqm.integration.service.IIntegrationService/resources/%s/executionresult?fields=feed/entry/content/executionresult/executionworkitem[@href=&apos;%s&apos;]" xpath="//atom:entry/atom:id[not(replace(., '^.*:', '')&lt;//atom:entry/atom:id/replace(., '^.*:', ''))]" xpathinput="" xslPath="" Headers="1#@#6" HttpVerb="GET" payload="" input="replaceFunction(@servername,@rqmprojectname,@Query2.2)" outputType="String" outputTo="2.6.2" nextpage="" xpathOutputType="Node">
         </Query>
		  <Query id="2.6.2" type="OSLC" order ="intermediate" value="" xpath="//ns2:executionresult/ns16:starttime" xpathinput="" xslPath="" Headers="1#@#6" HttpVerb="GET" payload="" input="outputOf(@Query2.6.1)" outputType="String" outputTo="2.2" nextpage="" xpathOutputType="Node">
         </Query>
		 
		
		 <Query id="2.7.1" type="OSLC" order ="intermediate" value="" xpath="//ns2:executionworkitem/ns2:currentexecutionresult/@href" xpathinput="" xslPath="" Headers="1#@#6" HttpVerb="Get" payload="" input="outputOf(@Query2.2)" outputType="String" outputTo="2.7.2" xpathOutputType="NodeList">
         </Query>
		  <Query id="2.7.2" type="OSLC" order ="intermediate" value="" xpath="//ns2:executionresult//*[local-name()='state']" xpathinput="" xslPath="" Headers="1#@#6" HttpVerb="Get" payload="" input="outputOf(@Query2.7.1)" outputType="String" outputTo="2" xpathOutputType="NodeList">
         </Query>
		 
		
		  <Query id="2.8.4" type="OSLC" order ="intermediate" value="" xpath="replace(//jp:iteration/jp:parent-url, '^.*/','')" xpathinput="" xslPath="" Headers="1#@#6" HttpVerb="GET" payload="" input="outputOf(@Query2.3.3)" outputType="String" outputTo="2.3.3" xpathOutputType="String">
         </Query> 
		 
		 <Query id="2.9.1" type="OSLC" order ="intermediate" value="https://%s/qm/oslc_qm/contexts/%s/resources/%s?oslc.select=oslc:shortId,oslc_qm:runsTestCase,oslc_qm:reportsOnTestPlan,dcterms:relation&amp;oslc.where=oslc:shortId=%s" xpath="//oslc_qm:reportsOnTestPlan/@rdf:resource" xpathinput="" xslPath="" Headers="1#@#6" HttpVerb="Get" payload="" input="replaceFunction(@servername,@rqmcontextId,@workItemTypeId,@Query1)" outputType="String" outputTo="2.9.2" xpathOutputType="Node">
         </Query> 
		  <Query id="2.9.2" type="OSLC" order ="intermediate" value="" xpath="//oslc_qm:TestPlan/rqm_qm:testSchedule/rqm_qm:TestPhase[dcterms:title=&quot;%s&quot;]/rqm_qm:expectedStartDate" xpathinput="replaceFunction(@Query2.5.3)" xslPath="" Headers="1#@#6" HttpVerb="GET" payload="" input="outputOf(@Query2.9.1)" outputType="String" outputTo="2" xpathOutputType="Node">
         </Query> 
		 
		 
		
		 </Read>
	</Entity>
	

	<Headers>
      <Header id="1" name="Accept" value="application/xml" />
	  <Header id="2" name="Accept" value="application/json" />
      <Header id="3" name="Content-type" value="application/xml" />
      <Header id="4" name="Authorization" value="Bearer" />
      <Header id="5" name="Content-type" value="application/json" />
	  <Header id="6" name="OSLC-Core-Version" value="2.0" />
	  <Header id="7" name="Accept" value="application/rdf+xml" />
	  <Header id="8" name="Content-type" value="application/rdf+xml" />
   </Headers>
</Details>

