<?xml version="1.0" encoding="UTF-8"?>
<Details
	xmlns:gqe="http://www.accenture.com/adt/integ/myWizard/gqe-SharePoint"
	xmlns:xsi="http://www.w3.org/2001/XMLSchema-instance"
	xsi:schemaLocation="http://www.accenture.com/adt/integ/myWizard/gqe-SharePoint GenericArguments.xsd ">


	<Entity NativeId="com.ibm.team.apt.workItemType.story" EntityId="11" Name="ADT_Story" ContextValue="ccm">
	<Read>
	<Query id="1" type="OSLC" order ="first" value="https://%s/ccm/oslc/contexts/%s/workitems?oslc.where=rtc_cm%3Atype+%3D%22%s%22+and+dcterms%3Amodified%3E%22%s%22+and+dcterms%3Amodified%3C%3D%22%s%22&amp;oslc.select+=+dcterms%3Aidentifier" xpath="//dcterms:identifier" input="replaceFunction(@servername,@rtccontextId,@workItemTypeId,@timeStamp,@endtimeStamp)" xslPath="" Headers="7#@#6" HttpVerb="GET" payload="" outputType="List" outputTo="2" nextpage="//rdf:RDF/rdf:Description/oslc:nextPage/@rdf:resource" xpathOutputType="">
	  <Workflow id="1" method="dbUpdate" class="com.acn.adt.releases.FlaggedItems" arguments="@projectId,'WAIT',@workItemTypeId,@Query1,@fetchTime,@projectUUID,@workItemType" returnType="List" /> 
    </Query>
		 
		 <Query id="2" type="OSLC" order ="final" value="https://%s/ccm/oslc/contexts/%s/workitems%20?oslc.where=+dcterms%3Aidentifier+%3D%22%s%22+&amp;oslc.select+=*" xpath="" xpathinput="" xslPath="F:/IDC/Vivek/CMMI/eclipseWKSP/RTC_Iterations_csv.xsl" Headers="7#@#6" HttpVerb="GET" payload="" input="replaceFunction(@servername,@rtccontextId,@Query1)" outputType="XML" outputTo="2.1#@#2.2#@#2.3#@#2.5#@#2.6#@#2.7#@#2.8" xpathOutputType="">
		 <Property Order="1" propertName="rtc_cm:filedAgainst" comparisonOperator="ADDINTAG" value="outputOf(@Query2.1.1)" Group="" Operator="AND" />
		  <Property Order="2" propertName="rtc_cm:foundIn" comparisonOperator="ADDINTAG" value="outputOf(@Query2.2.1)" Group="" Operator="AND" />
		  <Property Order="3" propertName="oslc_cmx:priority" comparisonOperator="ADDINTAG" value="outputOf(@Query2.3.1)" Group="" Operator="AND" />
		
		 <!-- <Property Order="4" propertName="rtc_cm:resolution" comparisonOperator="ADDINTAG" value="outputOf(@Query2.4.1)" Group="" Operator="AND" /> -->
		 <Property Order="5" propertName="rtc_ext:com.ibm.team.workitem.attribute.businessValue" comparisonOperator="ADDINTAG" value="outputOf(@Query2.5.1)" Group="" Operator="AND" />
		 <Property Order="19" propertName="rtc_ext:com.acn.adt3.workitem.attribute.storytype" comparisonOperator="ADDINTAG" value="outputOf(@Query2.8.1)" Group="" Operator="AND" />
		 <Property Order="6" propertName="rtc_cm:state" comparisonOperator="ADDINTAG" value="outputOf(@Query2.6.1)" Group="" Operator="AND" />
		<Property Order="7" propertName="AccessLinkUrl" comparisonOperator="CREATETAG" value="https://%s/ccm/web/projects/%s"  replacepropertValue="replaceFunction(@servername,@projectname)" Group="" Operator="" parentTag="rdf:Description rdf:about=https://%s/ccm/oslc/contexts/%s/workitems" replaceparentTag="replaceFunction(@servername,@rtccontextId)"/>
		 <Property Order="8" propertName="MessageId" comparisonOperator="CREATETAG" value="methodOf(MessageID)" Group="" Operator="" parentTag="rdf:Description rdf:about=https://%s/ccm/oslc/contexts/%s/workitems" replaceparentTag="replaceFunction(@servername,@rtccontextId)"/>
		 <Property Order="9" propertName="MessageTimestamp" comparisonOperator="CREATETAG" value="methodOf(GenerateCurrentTime)" Group="" Operator="" parentTag="rdf:Description rdf:about=https://%s/ccm/oslc/contexts/%s/workitems" replaceparentTag="replaceFunction(@servername,@rtccontextId)"/>
		 <Property Order="10" propertName="ToolGuid" comparisonOperator="CREATETAG" value="ToolGuid" Group="" Operator="" parentTag="rdf:Description rdf:about=https://%s/ccm/oslc/contexts/%s/workitems" replaceparentTag="replaceFunction(@servername,@rtccontextId)"/>
		 
		 
		 <Property Order="12" propertName="iterationName" comparisonOperator="CREATETAG" value="outputOf(@Query2.7.1)" Group="" Operator="" parentTag="rdf:Description rdf:about=https://%s/ccm/oslc/contexts/%s/workitems" replaceparentTag="replaceFunction(@servername,@rtccontextId)"/>
		  <Property Order="13" propertName="iterationStartDate" comparisonOperator="CREATETAG" value="outputOf(@Query2.7.2)" Group="" Operator="" parentTag="rdf:Description rdf:about=https://%s/ccm/oslc/contexts/%s/workitems" replaceparentTag="replaceFunction(@servername,@rtccontextId)"/>
		  <Property Order="14" propertName="iterationEndDate" comparisonOperator="CREATETAG" value="outputOf(@Query2.7.3)" Group="" Operator="" parentTag="rdf:Description rdf:about=https://%s/ccm/oslc/contexts/%s/workitems" replaceparentTag="replaceFunction(@servername,@rtccontextId)"/>
		 
		 <Property Order="15" propertName="iterationParentId" comparisonOperator="CREATETAG" value="outputOf(@Query2.7.4)" Group="" Operator="" parentTag="rdf:Description rdf:about=https://%s/ccm/oslc/contexts/%s/workitems" replaceparentTag="replaceFunction(@servername,@rtccontextId)"/>
		<Property Order="16" propertName="iterationParentName" comparisonOperator="CREATETAG" value="outputOf(@Query2.7.4.2)" Group="" Operator="" parentTag="rdf:Description rdf:about=https://%s/ccm/oslc/contexts/%s/workitems" replaceparentTag="replaceFunction(@servername,@rtccontextId)"/>
		 <Property Order="17" propertName="iterationParentStartDate" comparisonOperator="CREATETAG" value="outputOf(@Query2.7.4.3)" Group="" Operator="" parentTag="rdf:Description rdf:about=https://%s/ccm/oslc/contexts/%s/workitems" replaceparentTag="replaceFunction(@servername,@rtccontextId)"/>
		 <Property Order="18" propertName="iterationParentEndDate" comparisonOperator="CREATETAG" value="outputOf(@Query2.7.4.4)" Group="" Operator="" parentTag="rdf:Description rdf:about=https://%s/ccm/oslc/contexts/%s/workitems" replaceparentTag="replaceFunction(@servername,@rtccontextId)"/>
         </Query>

		<Query id="2.1" type="OSLC" order ="intermediate" value="" xpath="//rtc_cm:filedAgainst/@rdf:resource"  xpathinput="" xslPath="" Headers="" HttpVerb="" payload="" input="outputOf(@Query2)" outputType="Url" outputTo="2.1.1" nextpage="" xpathOutputType="">
         </Query>
		 <Query id="2.1.1" type="OSLC" order ="intermediate" value="" xpath="//dcterms:title" xpathinput="" xslPath="" Headers="7#@#6" HttpVerb="GET" payload="" input="outputOf(@Query2.1)" outputType="String" outputTo="2" nextpage="" xpathOutputType="">
         </Query>
		 
		  <Query id="2.2" type="OSLC" order ="intermediate" value="" xpath="//rtc_cm:foundIn/@rdf:resource" xpathinput="" xslPath="" Headers="" HttpVerb="" payload="" 
		 input="outputOf(@Query2)" outputType="Url" outputTo="2.2.1" xpathOutputType="">
         </Query>
		  <Query id="2.2.1" type="OSLC" order ="intermediate" value="" xpath="//dcterms:title" xpathinput="" xslPath="" Headers="7#@#6" HttpVerb="GET" payload="" input="outputOf(@Query2.2)" outputType="String" outputTo="2" nextpage="" xpathOutputType="">
         </Query>
		 <Query id="2.3" type="OSLC" order ="intermediate" value="" xpath="//oslc_cmx:priority/@rdf:resource" xpathinput="" xslPath="" Headers="" HttpVerb="" payload="" 
		 input="outputOf(@Query2)" outputType="Url" outputTo="2.3.1">
         </Query>
		  <Query id="2.3.1" type="OSLC" order ="intermediate" value="" xpath="//dcterms:title" xpathinput="" xslPath="" Headers="7#@#6" HttpVerb="GET" payload="" input="outputOf(@Query2.3)" outputType="String" outputTo="2" nextpage="" xpathOutputType="">
         </Query>
		 
		 <Query id="2.4" type="OSLC" order ="intermediate" value="" xpath="//rtc_cm:resolution/@rdf:resource" xpathinput="" xslPath="" Headers="" HttpVerb="" payload=""  
		 input="outputOf(@Query2)" outputType="Url" outputTo="2.4.1" xpathOutputType="">
         </Query>
		  <Query id="2.4.1" type="OSLC" order ="intermediate" value="" xpath="//dcterms:title" xpathinput="" xslPath="" Headers="7#@#6" HttpVerb="GET" payload="" input="outputOf(@Query2.4)" outputType="String" outputTo="2" nextpage="" xpathOutputType="">
         </Query>
		 <Query id="2.5" type="OSLC" order ="intermediate" value="" xpath="//rtc_ext:com.ibm.team.workitem.attribute.businessValue/@rdf:resource" xpathinput="" xslPath="" Headers="" HttpVerb="" payload=""  
		 input="outputOf(@Query2)" outputType="Url" outputTo="2.5.1" xpathOutputType="">
         </Query>
		  <Query id="2.5.1" type="OSLC" order ="intermediate" value="" xpath="//dcterms:title" xpathinput="" xslPath="" Headers="7#@#6" HttpVerb="GET" payload="" input="outputOf(@Query2.5)" outputType="String" outputTo="2" nextpage="" xpathOutputType="">
         </Query>
		 		 	 
		 <Query id="2.6" type="OSLC" order ="intermediate" value="" xpath="//rtc_cm:state/@rdf:resource" xpathinput="" xslPath="" Headers="" HttpVerb="" payload=""  
		 input="outputOf(@Query2)" outputType="Url" outputTo="2.6.1" xpathOutputType="">
         </Query>
		 <Query id="2.6.1" type="OSLC" order ="intermediate" value="" xpath="//dcterms:title" xpathinput="" xslPath="" Headers="7#@#6" HttpVerb="GET" payload="" input="outputOf(@Query2.6)" outputType="String" outputTo="2" nextpage="" xpathOutputType="">
         </Query>
		 	 
		 <Query id="2.7" type="OSLC" order ="intermediate" value="" xpath="//rtc_cm:plannedFor/@rdf:resource" xpathinput="" xslPath="" Headers="" HttpVerb="" payload=""  
		 input="outputOf(@Query2)" outputType="Url" outputTo="2.7.1#@#2.7.2#@#2.7.3#@#2.7.4" xpathOutputType="">
         </Query>
		  <Query id="2.7.1" type="OSLC" order ="intermediate" value="" xpath="//dcterms:identifier" xpathinput="" xslPath="" Headers="7#@#6" HttpVerb="GET" payload="" input="outputOf(@Query2.7)" outputType="String" outputTo="2.7" nextpage="" xpathOutputType="">
         </Query>
		  <Query id="2.7.2" type="OSLC" order ="intermediate" value="" xpath="//rtc_cm:startDate" xpathinput="" xslPath="" Headers="7#@#6" HttpVerb="GET" payload="" input="outputOf(@Query2.7)" outputType="String" outputTo="2.7" nextpage="" xpathOutputType="">
         </Query>
		 <Query id="2.7.3" type="OSLC" order ="intermediate" value="" xpath="//rtc_cm:endDate" xpathinput="" xslPath="" Headers="7#@#6" HttpVerb="GET" payload="" input="outputOf(@Query2.7)" outputType="String" outputTo="2.7" nextpage="" xpathOutputType="">
         </Query>
		 
		  <Query id="2.7.4" type="OSLC" order ="intermediate" value="" xpath="//rtc_cm:parent/@rdf:resource" xpathinput="" xslPath="" Headers="7#@#6" HttpVerb="GET" payload="" input="outputOf(@Query2.7)" outputType="String" outputTo="2.7.4.1#@#2.7.4.2#@#2.7.4.3#@#2.7.4.4" nextpage="" xpathOutputType="">
         </Query>
			<Query id="2.7.4.1" type="OSLC" order ="intermediate" value="" xpath="//dcterms:identifier" xpathinput="" xslPath="" Headers="7#@#6" HttpVerb="GET" payload="" input="outputOf(@Query2.7.4)" outputType="String" outputTo="2.7.4" nextpage="" xpathOutputType="">
         </Query>
		 <Query id="2.7.4.2" type="OSLC" order ="intermediate" value="" xpath="//dcterms:identifier" xpathinput="" xslPath="" Headers="7#@#6" HttpVerb="GET" payload="" input="outputOf(@Query2.7.4)" outputType="String" outputTo="2.7.4" nextpage="" xpathOutputType="">
         </Query>
		 <Query id="2.7.4.3" type="OSLC" order ="intermediate" value="" xpath="//rtc_cm:startDate" xpathinput="" xslPath="" Headers="7#@#6" HttpVerb="GET" payload="" input="outputOf(@Query2.7.4)" outputType="String" outputTo="2.7.4" nextpage="" xpathOutputType="">
         </Query>
		 <Query id="2.7.4.4" type="OSLC" order ="intermediate" value="" xpath="//rtc_cm:endDate" xpathinput="" xslPath="" Headers="7#@#6" HttpVerb="GET" payload="" input="outputOf(@Query2.7.4)" outputType="String" outputTo="2" nextpage="" xpathOutputType="">
         </Query>
		 
		 <Query id="2.8" type="OSLC" order ="intermediate" value="" xpath="//rtc_ext:com.acn.adt3.workitem.attribute.storytype/@rdf:resource" xpathinput="" xslPath="" Headers="" HttpVerb="" payload=""  
		 input="outputOf(@Query2)" outputType="Url" outputTo="2.8.1" xpathOutputType="">
         </Query>
		 <Query id="2.8.1" type="OSLC" order ="intermediate" value="" xpath="//dcterms:title" xpathinput="" xslPath="" Headers="7#@#6" HttpVerb="GET" payload="" input="outputOf(@Query2.8)" outputType="String" outputTo="2" nextpage="" xpathOutputType="">
         </Query>
		 </Read>
		 
		 <Write>
         <Update>
            <Query id="1" type="OSLC" order="first" value="" xpath="" xpathinput="" xslPath="" Headers="" HttpVerb="" payload="C:/IDC/Prabodh/GC_Config/config/requirementPayload.xml" input="" outputType="XML" outputTo="1.1#@#2" xpathOutputType="">
               <Property Order="1" propertName="rtc_cm:foundIn rdf:resource" comparisonOperator="ADDINTAG" value="getInputData(ReleaseId)" Group="" Operator="AND" />
              <Property Order="2" propertName="rtc_cm:foundIn rdf:resource" comparisonOperator="ADDINTAG" value="outputOf(@Query1.2)" Group="" Operator="AND" />
               <Property Order="3" propertName="dcterms:title" comparisonOperator="ADDINTAG" value="getInputData(Title)" Group="" Operator="AND" />
            </Query>
			<Query id="1.1" type="OSLC" order ="intermediate" value="" xpath="//rtc_cm:foundIn/@rdf:resource"  xpathinput="" xslPath="" Headers="" HttpVerb="" payload="" input="outputOf(@Query1)" outputType="Url" outputTo="1.2" nextpage="" xpathOutputType="String">
			</Query>
			<Query id="1.2" type="OSLC" order ="intermediate" value="https://%s/ccm/resource/itemOid/com.ibm.team.workitem.Deliverable/%s" xpath=""  xpathinput="" xslPath="" Headers="" HttpVerb="" payload="" input="replaceFunction(@servername,@Query1.1)" outputType="Literal" outputTo="1" nextpage="" xpathOutputType="String">
			</Query>
            <Query id="2" type="OSLC" order="intermediate" value="" xpath="" xpathinput="" xslPath="F:/IDC/Vivek/CMMI/eclipseWKSP/RTC_Iterations_csv.xsl" Headers="7#@#3#@#6" HttpVerb="PUT" payload="outputOf(@Query1)" input="getInputData(Url)" outputType="String" outputTo="3" xpathOutputType="" />
            <Query id="3" type="OSLC" order="final" value="%s" xpath="" xpathinput="" xslPath="" Headers="" HttpVerb="" payload="replaceFunction(@inputData)" input="" outputType="XML" outputTo="" nextpage="" xpathOutputType="">
               <Property Order="1" propertName="Status" comparisonOperator="CREATETAG" value="outputOf(@Query2)" replacepropertValue="" Group="" Operator="" parentTag="" replaceparentTag="" />
			   <Property Order="2" propertName="Status" comparisonOperator="CREATETAG" value="outputOf(@Query2)" replacepropertValue="" Group="" Operator="" parentTag="Workitem" replaceparentTag="" />
            </Query>
         </Update>
         <Create>
            <Query id="1" type="OSLC" order="first" value="" xpath="" xpathinput="" xslPath="" Headers="" HttpVerb="" payload="C:/IDC/Prabodh/GC_Config/config/requirementPayload.xml" input="" outputType="XML" outputTo="1.1#@#2" xpathOutputType="">
               <Property Order="1" propertName="rtc_cm:foundIn rdf:resource" comparisonOperator="ADDINTAG" value="getInputData(ReleaseId)" Group="" Operator="AND" />
                <Property Order="2" propertName="rtc_cm:foundIn rdf:resource" comparisonOperator="ADDINTAG" value="outputOf(@Query1.2)" Group="" Operator="AND" />
               <Property Order="3" propertName="dcterms:title" comparisonOperator="ADDINTAG" value="getInputData(Title)" Group="" Operator="AND" />
            </Query>
			<Query id="1.1" type="OSLC" order ="intermediate" value="" xpath="//rtc_cm:foundIn/@rdf:resource"  xpathinput="" xslPath="" Headers="" HttpVerb="" payload="" input="outputOf(@Query1)" outputType="Url" outputTo="1.2" nextpage="" xpathOutputType="String">
			</Query>
			<Query id="1.2" type="OSLC" order ="intermediate" value="https://%s/ccm/resource/itemOid/com.ibm.team.workitem.Deliverable/%s" xpath=""  xpathinput="" xslPath="" Headers="" HttpVerb="" payload="" input="replaceFunction(@servername,@Query1.1)" outputType="Literal" outputTo="1" nextpage="" xpathOutputType="String">
			</Query>
            <Query id="2" type="OSLC" order="intermediate" value="https://%s/ccm/oslc/contexts/%s/workitems/%s" xpath="" xpathinput="" xslPath="F:/IDC/Vivek/CMMI/eclipseWKSP/RTC_Iterations_csv.xsl" Headers="7#@#3#@#6" HttpVerb="POST" payload="outputOf(@Query1)" input="replaceFunction(@servername,@rtccontextId,@workItemTypeId)" outputType="String" outputTo="3" xpathOutputType="" />
            <Query id="3" type="OSLC" order="final" value="%s" xpath="" xpathinput="" xslPath="" Headers="" HttpVerb="" payload="replaceFunction(@inputData)" input="" outputType="XML" outputTo="3.1#@#3.2" nextpage="" xpathOutputType="">
               <Property Order="1" propertName="Url" comparisonOperator="ADDINTAG" value="outputOf(@Query2)" replacepropertValue="" Group="" Operator="" parentTag="" replaceparentTag="" />
			   <Property Order="2" propertName="Status" comparisonOperator="CREATETAG" value="outputOf(@Query3.1)" replacepropertValue="" Group="" Operator="" parentTag="" replaceparentTag="" />
			   <Property Order="4" propertName="Status" comparisonOperator="CREATETAG" value="outputOf(@Query3.1)" replacepropertValue="" Group="" Operator="" parentTag="Workitem" replaceparentTag="" />
			   <Property Order="3" propertName="Url" comparisonOperator="ADDINTAG" value="outputOf(@Query3.2)" replacepropertValue="" Group="" Operator="" parentTag="" replaceparentTag="" />
            </Query>
			<Query id="3.1" type="OSLC" order ="intermediate" value="" xpath="replace(//Url, '\-(.*)','')"  xpathinput="" xslPath="" Headers="" HttpVerb="" payload="" input="outputOf(@Query3)" outputType="Url" outputTo="3" nextpage="" xpathOutputType="String">
			</Query>
			<Query id="3.2" type="OSLC" order ="intermediate" value="" xpath="replace(//Url, '^.*-','')"  xpathinput="" xslPath="" Headers="" HttpVerb="" payload="" input="outputOf(@Query3)" outputType="Url" outputTo="3" nextpage="" xpathOutputType="String">
			
			</Query>
         </Create>
      </Write>
   </Entity>
	

	<Headers>
      <Header id="1" name="Accept" value="application/xml" />
	  <Header id="2" name="Accept" value="application/json" />
      <Header id="3" name="Content-type" value="application/xml" />
      <Header id="4" name="Authorization" value="Bearer" />
      <Header id="5" name="Content-type" value="application/json" />
	  <Header id="6" name="OSLC-Core-Version" value="2.0" />
	  <Header id="7" name="Accept" value="application/rdf+xml" />
	  <Header id="8" name="Content-type" value="application/rdf+xml" />
   </Headers>
</Details>