<?xml version="1.0" encoding="UTF-8" standalone="no"?><rdf:RDF xmlns:dcterms="http://purl.org/dc/terms/"
    xmlns:oslc_cm="http://open-services.net/ns/cm#"
    xmlns:rdf="http://www.w3.org/1999/02/22-rdf-syntax-ns#"
    xmlns:rtc_ext="http://jazz.net/xmlns/prod/jazz/rtc/ext/1.0/"
    xmlns:oslc_cmx="http://open-services.net/ns/cm-x#"
    xmlns:process="http://jazz.net/ns/process#"
    xmlns:acp="http://jazz.net/ns/acp#"
    xmlns:rdfs="http://www.w3.org/2000/01/rdf-schema#"
    xmlns:acc="http://open-services.net/ns/core/acc#"
    xmlns:rtc_cm="http://jazz.net/xmlns/prod/jazz/rtc/cm/1.0/"
	
    xmlns:oslc="http://open-services.net/ns/core#"
    xmlns:oslc_pl="http://open-services.net/ns/pl#">
  <oslc_cm:ChangeRequest rdf:about="">
     <dcterms:type rdf:datatype="http://www.w3.org/2001/XMLSchema#string"></dcterms:type>
	 <dcterms:description rdf:parseType="Literal"></dcterms:description> 
	 <dcterms:title rdf:parseType="Literal"></dcterms:title> 
	 <dcterms:contributor rdf:resource=""/>
	 <rtc_ext:com.ibm.team.apt.attribute.complexity rdf:resource=""/>
	 <rtc_ext:com.ibm.team.workitem.attribute.businessValue rdf:resource=""/>
	 <rtc_cm:filedAgainst rdf:resource=""/>
	 <!-- <rtc_ext:com.acn.adt3.workitem.attribute.storytype rdf:resource=""/> -->
	 <oslc_cmx:priority rdf:resource=""/>
	 <!-- <dcterms:status rdf:parseType="Literal"></dcterms:status> -->
     <rtc_cm:plannedFor rdf:resource=""/>
	 <!-- <rtc_cm:modifiedBy rdf:resource=""/> -->
	 <!-- <dcterms:modified rdf:datatype="http://www.w3.org/2001/XMLSchema#dateTime"></dcterms:modified> -->
	<!--<rtc_cm:teamArea rdf:resource="https://vw000486clm1.accenture.com/ccm/oslc/teamareas/_Re5SUH8qEeePto62fDKIjg"/>
	<rtc_cm:foundIn rdf:resource="https://vw000486clm1.accenture.com/ccm/resource/itemOid/com.ibm.team.workitem.Deliverable/_IsiKsHasEeeTr-AxWO81eg"/>
	<oslc_cm:status rdf:datatype="http://www.w3.org/2001/XMLSchema#string">Complete Testing</oslc_cm:status>
	<rtc_cm:due rdf:datatype="http://www.w3.org/2001/XMLSchema#dateTime">2017-08-12T06:30:00.000Z</rtc_cm:due>
	<rtc_ext:com.ibm.team.apt.attribute.complexity rdf:resource="https://vw000486clm1.accenture.com/ccm/oslc/enumerations/_HhEs8HXXEeeF0fpZweWWGQ/complexity/3"/>	
	<dcterms:title rdf:parseType="Literal">GC Story Testing 1</dcterms:title>
	<dcterms:description rdf:parseType="Literal">GC Story description</dcterms:description>
	<rtc_cm:filedAgainst rdf:resource="https://vw000486clm1.accenture.com/ccm/resource/itemOid/com.ibm.team.workitem.Category/_7agGsH8sEeePto62fDKIjg"/>
	<dcterms:contributor rdf:resource="https://vw000486clm1.accenture.com/jts/users/ashish.arvind.sutar"/>
	 <oslc_cmx:priority rdf:resource="https://vw000486clm1.accenture.com/ccm/oslc/enumerations/_HhEs8HXXEeeF0fpZweWWGQ/priority/priority.literal.l11"/>-->
  </oslc_cm:ChangeRequest>
</rdf:RDF>