<?xml version="1.0" encoding="UTF-8" standalone="no"?><rdf:RDF xmlns:dcterms="http://purl.org/dc/terms/"
    xmlns:oslc_cm="http://open-services.net/ns/cm#"
    xmlns:rdf="http://www.w3.org/1999/02/22-rdf-syntax-ns#"
    xmlns:rtc_ext="http://jazz.net/xmlns/prod/jazz/rtc/ext/1.0/"
    xmlns:oslc_cmx="http://open-services.net/ns/cm-x#"
    xmlns:process="http://jazz.net/ns/process#"
    xmlns:acp="http://jazz.net/ns/acp#"
    xmlns:rdfs="http://www.w3.org/2000/01/rdf-schema#"
    xmlns:acc="http://open-services.net/ns/core/acc#"
    xmlns:rtc_cm="http://jazz.net/xmlns/prod/jazz/rtc/cm/1.0/"
    xmlns:oslc="http://open-services.net/ns/core#"
    xmlns:oslc_pl="http://open-services.net/ns/pl#">
  <oslc_cm:ChangeRequest rdf:about="">
     <dcterms:title rdf:parseType="Literal"/>
	 <dcterms:contributor rdf:resource="" />
	 <oslc_cmx:priority rdf:resource=""/>
	 <rtc_cm:estimate rdf:datatype="http://www.w3.org/2001/XMLSchema#long"/>
	 <rtc_cm:correctedEstimate rdf:datatype="http://www.w3.org/2001/XMLSchema#long"/>
	 <rtc_cm:timeSpent rdf:datatype="http://www.w3.org/2001/XMLSchema#long"/> 
	 <dcterms:description rdf:parseType="Literal"/>
	 <rtc_cm:plannedFor rdf:resource=""/>
	  <rtc_cm:filedAgainst rdf:resource=""/>
	<!--  <rtc_cm:com.ibm.team.workitem.linktype.parentworkitem.parent rdf:resource=""/> -->
  </oslc_cm:ChangeRequest>
</rdf:RDF>