<?xml version="1.0" encoding="UTF-8"?>
<RequestUpdate>
   <MessageId>2983e9d1-4e73-4c33-8036-b87c2b90aa37</MessageId>
   <Timestamp>2016-12-23 02:41:28</Timestamp>
  <Workitems type="mywizard-task">
      <Workitem>
        <CLMId>3435</CLMId>
         <ProjectId>82677</ProjectId>
		 <UId></UId>
         <Id>5a8b693f-73ad-4656-96a5-c93a11b42020</Id>         
		 <Title>ADT Story test update</Title>
		 <Description>abcd descrition</Description>
		 <OwnedBy>adtdevjazz1</OwnedBy>
		 <Estimate>3600000</Estimate>		 		  
		 <TimeSpent>3600000</TimeSpent>
		 <CorrectedEstimate>3600000</CorrectedEstimate>
		 <Priority id="priority.literal.l01" name="" url=""/>
		 <Iteration id="" name="Unassigned" url=""/>	 
      </Workitem>
   </Workitems>
   <ProvisionAttributes>
      <ProductUId>E790C0F1-561A-E511-8106-005056A8462F</ProductUId>
	  <ProductInstanceUId>E790C0F1-561A-E511-8106-005056A8462F</ProductInstanceUId>
      <ProductName>Rational CLM - RTC</ProductName>
	  <ProjectId>1234</ProjectId>
      <ProvisionAttribute>
         <Key>AccessLinkURL</Key>
         <Value>https://vw000486clm1.accenture.com/ccm/web/projects/Child_Agile1.1.1</Value>
      </ProvisionAttribute>
	  <ProvisionAttribute>
         <Key>E2EDeliveryConstructUId</Key>
         <Value>5a8b693f-73ad-4656-96a5-c93a11b42020</Value>
      </ProvisionAttribute>
   </ProvisionAttributes>
</RequestUpdate>
